
/*!40101 SET @OLD_CHARACTER_SET_CLIENT=@@CHARACTER_SET_CLIENT */;
/*!40101 SET @OLD_CHARACTER_SET_RESULTS=@@CHARACTER_SET_RESULTS */;
/*!40101 SET @OLD_COLLATION_CONNECTION=@@COLLATION_CONNECTION */;
/*!40101 SET NAMES utf8mb4 */;
/*!40103 SET @OLD_TIME_ZONE=@@TIME_ZONE */;
/*!40103 SET TIME_ZONE='+00:00' */;
/*!40014 SET @OLD_UNIQUE_CHECKS=@@UNIQUE_CHECKS, UNIQUE_CHECKS=0 */;
/*!40014 SET @OLD_FOREIGN_KEY_CHECKS=@@FOREIGN_KEY_CHECKS, FOREIGN_KEY_CHECKS=0 */;
/*!40101 SET @OLD_SQL_MODE=@@SQL_MODE, SQL_MODE='NO_AUTO_VALUE_ON_ZERO' */;
/*!40111 SET @OLD_SQL_NOTES=@@SQL_NOTES, SQL_NOTES=0 */;
/*!50717 SELECT COUNT(*) INTO @rocksdb_has_p_s_session_variables FROM INFORMATION_SCHEMA.TABLES WHERE TABLE_SCHEMA = 'performance_schema' AND TABLE_NAME = 'session_variables' */;
/*!50717 SET @rocksdb_get_is_supported = IF (@rocksdb_has_p_s_session_variables, 'SELECT COUNT(*) INTO @rocksdb_is_supported FROM performance_schema.session_variables WHERE VARIABLE_NAME=\'rocksdb_bulk_load\'', 'SELECT 0') */;
/*!50717 PREPARE s FROM @rocksdb_get_is_supported */;
/*!50717 EXECUTE s */;
/*!50717 DEALLOCATE PREPARE s */;
/*!50717 SET @rocksdb_enable_bulk_load = IF (@rocksdb_is_supported, 'SET SESSION rocksdb_bulk_load = 1', 'SET @rocksdb_dummy_bulk_load = 0') */;
/*!50717 PREPARE s FROM @rocksdb_enable_bulk_load */;
/*!50717 EXECUTE s */;
/*!50717 DEALLOCATE PREPARE s */;
DROP TABLE IF EXISTS `ArtTerm`;
/*!40101 SET @saved_cs_client     = @@character_set_client */;
/*!40101 SET character_set_client = utf8 */;
CREATE TABLE `ArtTerm` (
  `id` int(11) NOT NULL AUTO_INCREMENT,
  `title_en` varchar(100) COLLATE utf8mb4_unicode_ci NOT NULL,
  `title_uk` varchar(100) COLLATE utf8mb4_unicode_ci NOT NULL,
  `description_en` varchar(350) COLLATE utf8mb4_unicode_ci NOT NULL,
  `description_uk` varchar(350) COLLATE utf8mb4_unicode_ci NOT NULL,
  `content_en` text COLLATE utf8mb4_unicode_ci NOT NULL,
  `content_uk` text COLLATE utf8mb4_unicode_ci NOT NULL,
  `author_id` int(11) NOT NULL,
  `highlighted_product_id` int(11) NOT NULL,
  `created_at` datetime(3) NOT NULL DEFAULT CURRENT_TIMESTAMP(3),
  `updated_at` datetime(3) NOT NULL,
  PRIMARY KEY (`id`),
  KEY `ArtTerm_author_id_fkey` (`author_id`),
  KEY `ArtTerm_highlighted_product_id_fkey` (`highlighted_product_id`),
  CONSTRAINT `ArtTerm_author_id_fkey` FOREIGN KEY (`author_id`) REFERENCES `user` (`id`) ON UPDATE CASCADE,
  CONSTRAINT `ArtTerm_highlighted_product_id_fkey` FOREIGN KEY (`highlighted_product_id`) REFERENCES `Product` (`id`) ON UPDATE CASCADE
) ENGINE=InnoDB AUTO_INCREMENT=6 DEFAULT CHARSET=utf8mb4 COLLATE=utf8mb4_unicode_ci;
/*!40101 SET character_set_client = @saved_cs_client */;
DROP TABLE IF EXISTS `Exhibition`;
/*!40101 SET @saved_cs_client     = @@character_set_client */;
/*!40101 SET character_set_client = utf8 */;
CREATE TABLE `Exhibition` (
  `id` int(11) NOT NULL AUTO_INCREMENT,
  `startDate` datetime(3) NOT NULL,
  `endDate` datetime(3) NOT NULL,
  `time` varchar(200) COLLATE utf8mb4_unicode_ci DEFAULT NULL,
  `createdById` int(11) NOT NULL,
  `createdAt` datetime(3) NOT NULL DEFAULT CURRENT_TIMESTAMP(3),
  `updatedAt` datetime(3) NOT NULL,
  `description_en` varchar(500) COLLATE utf8mb4_unicode_ci DEFAULT NULL,
  `description_uk` varchar(500) COLLATE utf8mb4_unicode_ci DEFAULT NULL,
  `location_en` varchar(500) COLLATE utf8mb4_unicode_ci DEFAULT NULL,
  `location_uk` varchar(500) COLLATE utf8mb4_unicode_ci DEFAULT NULL,
  `title_en` varchar(150) COLLATE utf8mb4_unicode_ci DEFAULT NULL,
  `title_uk` varchar(150) COLLATE utf8mb4_unicode_ci DEFAULT NULL,
  `address` varchar(191) COLLATE utf8mb4_unicode_ci DEFAULT NULL,
  `latitude` double DEFAULT NULL,
  `longitude` double DEFAULT NULL,
  `endTime` varchar(200) COLLATE utf8mb4_unicode_ci DEFAULT NULL,
  `museumId` int(11) DEFAULT NULL,
  `role` varchar(191) COLLATE utf8mb4_unicode_ci DEFAULT NULL,
  `email` varchar(191) COLLATE utf8mb4_unicode_ci DEFAULT NULL,
  `bio` varchar(191) COLLATE utf8mb4_unicode_ci DEFAULT NULL,
  `title` varchar(191) COLLATE utf8mb4_unicode_ci DEFAULT NULL,
  PRIMARY KEY (`id`),
  KEY `Exhibition_createdById_fkey` (`createdById`),
  KEY `Exhibition_museumId_fkey` (`museumId`),
  CONSTRAINT `Exhibition_createdById_fkey` FOREIGN KEY (`createdById`) REFERENCES `user` (`id`) ON UPDATE CASCADE,
  CONSTRAINT `Exhibition_museumId_fkey` FOREIGN KEY (`museumId`) REFERENCES `user` (`id`) ON DELETE SET NULL ON UPDATE CASCADE
) ENGINE=InnoDB AUTO_INCREMENT=30 DEFAULT CHARSET=utf8mb4 COLLATE=utf8mb4_unicode_ci;
/*!40101 SET character_set_client = @saved_cs_client */;
DROP TABLE IF EXISTS `ExhibitionArtist`;
/*!40101 SET @saved_cs_client     = @@character_set_client */;
/*!40101 SET character_set_client = utf8 */;
CREATE TABLE `ExhibitionArtist` (
  `exhibitionId` int(11) NOT NULL,
  `artistId` int(11) NOT NULL,
  PRIMARY KEY (`exhibitionId`,`artistId`),
  KEY `ExhibitionArtist_artistId_fkey` (`artistId`),
  CONSTRAINT `ExhibitionArtist_artistId_fkey` FOREIGN KEY (`artistId`) REFERENCES `user` (`id`) ON UPDATE CASCADE,
  CONSTRAINT `ExhibitionArtist_exhibitionId_fkey` FOREIGN KEY (`exhibitionId`) REFERENCES `Exhibition` (`id`) ON UPDATE CASCADE
) ENGINE=InnoDB DEFAULT CHARSET=utf8mb4 COLLATE=utf8mb4_unicode_ci;
/*!40101 SET character_set_client = @saved_cs_client */;
DROP TABLE IF EXISTS `ExhibitionImage`;
/*!40101 SET @saved_cs_client     = @@character_set_client */;
/*!40101 SET character_set_client = utf8 */;
CREATE TABLE `ExhibitionImage` (
  `id` int(11) NOT NULL AUTO_INCREMENT,
  `imageUrl` varchar(191) COLLATE utf8mb4_unicode_ci NOT NULL,
  `exhibitionId` int(11) NOT NULL,
  PRIMARY KEY (`id`),
  KEY `ExhibitionImage_exhibitionId_fkey` (`exhibitionId`),
  CONSTRAINT `ExhibitionImage_exhibitionId_fkey` FOREIGN KEY (`exhibitionId`) REFERENCES `Exhibition` (`id`) ON DELETE CASCADE ON UPDATE CASCADE
) ENGINE=InnoDB AUTO_INCREMENT=22 DEFAULT CHARSET=utf8mb4 COLLATE=utf8mb4_unicode_ci;
/*!40101 SET character_set_client = @saved_cs_client */;
DROP TABLE IF EXISTS `ExhibitionProduct`;
/*!40101 SET @saved_cs_client     = @@character_set_client */;
/*!40101 SET character_set_client = utf8 */;
CREATE TABLE `ExhibitionProduct` (
  `exhibitionId` int(11) NOT NULL,
  `productId` int(11) NOT NULL,
  PRIMARY KEY (`exhibitionId`,`productId`),
  KEY `ExhibitionProduct_productId_fkey` (`productId`),
  CONSTRAINT `ExhibitionProduct_exhibitionId_fkey` FOREIGN KEY (`exhibitionId`) REFERENCES `Exhibition` (`id`) ON UPDATE CASCADE,
  CONSTRAINT `ExhibitionProduct_productId_fkey` FOREIGN KEY (`productId`) REFERENCES `Product` (`id`) ON UPDATE CASCADE
) ENGINE=InnoDB DEFAULT CHARSET=utf8mb4 COLLATE=utf8mb4_unicode_ci;
/*!40101 SET character_set_client = @saved_cs_client */;
DROP TABLE IF EXISTS `Like`;
/*!40101 SET @saved_cs_client     = @@character_set_client */;
/*!40101 SET character_set_client = utf8 */;
CREATE TABLE `Like` (
  `id` int(11) NOT NULL AUTO_INCREMENT,
  `userId` int(11) NOT NULL,
  `postId` int(11) DEFAULT NULL,
  `productId` int(11) DEFAULT NULL,
  `exhibitionId` int(11) DEFAULT NULL,
  `createdAt` datetime(3) NOT NULL DEFAULT CURRENT_TIMESTAMP(3),
  `likedUserId` int(11) DEFAULT NULL,
  PRIMARY KEY (`id`),
  KEY `Like_userId_idx` (`userId`),
  KEY `Like_postId_idx` (`postId`),
  KEY `Like_productId_idx` (`productId`),
  KEY `Like_exhibitionId_idx` (`exhibitionId`),
  KEY `Like_likedUserId_idx` (`likedUserId`),
  CONSTRAINT `Like_exhibitionId_fkey` FOREIGN KEY (`exhibitionId`) REFERENCES `Exhibition` (`id`) ON DELETE SET NULL ON UPDATE CASCADE,
  CONSTRAINT `Like_likedUserId_fkey` FOREIGN KEY (`likedUserId`) REFERENCES `user` (`id`) ON DELETE SET NULL ON UPDATE CASCADE,
  CONSTRAINT `Like_postId_fkey` FOREIGN KEY (`postId`) REFERENCES `Post` (`id`) ON DELETE SET NULL ON UPDATE CASCADE,
  CONSTRAINT `Like_productId_fkey` FOREIGN KEY (`productId`) REFERENCES `Product` (`id`) ON DELETE SET NULL ON UPDATE CASCADE,
  CONSTRAINT `Like_userId_fkey` FOREIGN KEY (`userId`) REFERENCES `user` (`id`) ON UPDATE CASCADE
) ENGINE=InnoDB AUTO_INCREMENT=120 DEFAULT CHARSET=utf8mb4 COLLATE=utf8mb4_unicode_ci;
/*!40101 SET character_set_client = @saved_cs_client */;
DROP TABLE IF EXISTS `Post`;
/*!40101 SET @saved_cs_client     = @@character_set_client */;
/*!40101 SET character_set_client = utf8 */;
CREATE TABLE `Post` (
  `id` int(11) NOT NULL AUTO_INCREMENT,
  `title_en` varchar(250) COLLATE utf8mb4_unicode_ci NOT NULL,
  `title_uk` varchar(250) COLLATE utf8mb4_unicode_ci NOT NULL,
  `content_en` varchar(5000) COLLATE utf8mb4_unicode_ci NOT NULL,
  `content_uk` varchar(5000) COLLATE utf8mb4_unicode_ci NOT NULL,
  `author_id` int(11) NOT NULL,
  `images` varchar(191) COLLATE utf8mb4_unicode_ci DEFAULT NULL,
  `created_at` datetime(3) NOT NULL DEFAULT CURRENT_TIMESTAMP(3),
  `updated_at` datetime(3) NOT NULL,
  `creator_id` int(11) DEFAULT NULL,
  `exhibition_id` int(11) DEFAULT NULL,
  `museum_id` int(11) DEFAULT NULL,
  PRIMARY KEY (`id`),
  KEY `Post_author_id_fkey` (`author_id`),
  CONSTRAINT `Post_author_id_fkey` FOREIGN KEY (`author_id`) REFERENCES `user` (`id`) ON UPDATE CASCADE
) ENGINE=InnoDB AUTO_INCREMENT=22 DEFAULT CHARSET=utf8mb4 COLLATE=utf8mb4_unicode_ci;
/*!40101 SET character_set_client = @saved_cs_client */;
DROP TABLE IF EXISTS `Product`;
/*!40101 SET @saved_cs_client     = @@character_set_client */;
/*!40101 SET character_set_client = utf8 */;
CREATE TABLE `Product` (
  `id` int(11) NOT NULL AUTO_INCREMENT,
  `title_en` varchar(100) COLLATE utf8mb4_unicode_ci NOT NULL,
  `title_uk` varchar(100) COLLATE utf8mb4_unicode_ci NOT NULL,
  `description_en` varchar(1000) COLLATE utf8mb4_unicode_ci NOT NULL,
  `description_uk` varchar(1000) COLLATE utf8mb4_unicode_ci NOT NULL,
  `specs_en` varchar(500) COLLATE utf8mb4_unicode_ci DEFAULT NULL,
  `specs_uk` varchar(500) COLLATE utf8mb4_unicode_ci DEFAULT NULL,
  `createdAt` datetime(3) NOT NULL DEFAULT CURRENT_TIMESTAMP(3),
  `updatedAt` datetime(3) NOT NULL,
  `authorId` int(11) NOT NULL,
  `museumId` int(11) DEFAULT NULL,
  `size` varchar(100) COLLATE utf8mb4_unicode_ci DEFAULT NULL,
  `style_en` varchar(100) COLLATE utf8mb4_unicode_ci DEFAULT NULL,
  `style_uk` varchar(100) COLLATE utf8mb4_unicode_ci DEFAULT NULL,
  `technique_en` varchar(100) COLLATE utf8mb4_unicode_ci DEFAULT NULL,
  `technique_uk` varchar(100) COLLATE utf8mb4_unicode_ci DEFAULT NULL,
  `dateofcreation` varchar(100) COLLATE utf8mb4_unicode_ci DEFAULT NULL,
  PRIMARY KEY (`id`),
  KEY `Product_authorId_fkey` (`authorId`),
  KEY `Product_museumId_fkey` (`museumId`),
  CONSTRAINT `Product_authorId_fkey` FOREIGN KEY (`authorId`) REFERENCES `user` (`id`) ON UPDATE CASCADE,
  CONSTRAINT `Product_museumId_fkey` FOREIGN KEY (`museumId`) REFERENCES `user` (`id`) ON DELETE SET NULL ON UPDATE CASCADE
) ENGINE=InnoDB AUTO_INCREMENT=146 DEFAULT CHARSET=utf8mb4 COLLATE=utf8mb4_unicode_ci;
/*!40101 SET character_set_client = @saved_cs_client */;
DROP TABLE IF EXISTS `ProductImage`;
/*!40101 SET @saved_cs_client     = @@character_set_client */;
/*!40101 SET character_set_client = utf8 */;
CREATE TABLE `ProductImage` (
  `id` int(11) NOT NULL AUTO_INCREMENT,
  `imageUrl` varchar(191) COLLATE utf8mb4_unicode_ci NOT NULL,
  `productId` int(11) NOT NULL,
  PRIMARY KEY (`id`),
  KEY `ProductImage_productId_fkey` (`productId`),
  CONSTRAINT `ProductImage_productId_fkey` FOREIGN KEY (`productId`) REFERENCES `Product` (`id`) ON UPDATE CASCADE
) ENGINE=InnoDB AUTO_INCREMENT=73 DEFAULT CHARSET=utf8mb4 COLLATE=utf8mb4_unicode_ci;
/*!40101 SET character_set_client = @saved_cs_client */;
DROP TABLE IF EXISTS `_prisma_migrations`;
/*!40101 SET @saved_cs_client     = @@character_set_client */;
/*!40101 SET character_set_client = utf8 */;
CREATE TABLE `_prisma_migrations` (
  `id` varchar(36) COLLATE utf8mb4_unicode_ci NOT NULL,
  `checksum` varchar(64) COLLATE utf8mb4_unicode_ci NOT NULL,
  `finished_at` datetime(3) DEFAULT NULL,
  `migration_name` varchar(255) COLLATE utf8mb4_unicode_ci NOT NULL,
  `logs` text COLLATE utf8mb4_unicode_ci,
  `rolled_back_at` datetime(3) DEFAULT NULL,
  `started_at` datetime(3) NOT NULL DEFAULT CURRENT_TIMESTAMP(3),
  `applied_steps_count` int(10) unsigned NOT NULL DEFAULT '0',
  PRIMARY KEY (`id`)
) ENGINE=InnoDB DEFAULT CHARSET=utf8mb4 COLLATE=utf8mb4_unicode_ci;
/*!40101 SET character_set_client = @saved_cs_client */;
DROP TABLE IF EXISTS `museum_logo_images`;
/*!40101 SET @saved_cs_client     = @@character_set_client */;
/*!40101 SET character_set_client = utf8 */;
CREATE TABLE `museum_logo_images` (
  `id` int(11) NOT NULL AUTO_INCREMENT,
  `imageUrl` varchar(191) COLLATE utf8mb4_unicode_ci NOT NULL,
  `userId` int(11) NOT NULL,
  PRIMARY KEY (`id`),
  UNIQUE KEY `museum_logo_images_userId_key` (`userId`),
  KEY `Museum_logo_images_userId_fkey` (`userId`),
  CONSTRAINT `museum_logo_images_userId_fkey` FOREIGN KEY (`userId`) REFERENCES `user` (`id`) ON UPDATE CASCADE
) ENGINE=InnoDB AUTO_INCREMENT=5 DEFAULT CHARSET=utf8mb4 COLLATE=utf8mb4_unicode_ci;
/*!40101 SET character_set_client = @saved_cs_client */;
DROP TABLE IF EXISTS `user`;
/*!40101 SET @saved_cs_client     = @@character_set_client */;
/*!40101 SET character_set_client = utf8 */;
CREATE TABLE `user` (
  `id` int(11) NOT NULL AUTO_INCREMENT,
  `email` varchar(191) COLLATE utf8mb4_unicode_ci NOT NULL,
  `password` varchar(191) COLLATE utf8mb4_unicode_ci NOT NULL,
  `role` enum('USER','ADMIN','MUSEUM','CREATOR','EDITOR','AUTHOR','EXHIBITION') COLLATE utf8mb4_unicode_ci NOT NULL DEFAULT 'USER',
  `images` varchar(191) COLLATE utf8mb4_unicode_ci DEFAULT NULL,
  `title` varchar(191) COLLATE utf8mb4_unicode_ci DEFAULT NULL,
  `bio` varchar(191) COLLATE utf8mb4_unicode_ci DEFAULT NULL,
  `createdAt` datetime(3) NOT NULL DEFAULT CURRENT_TIMESTAMP(3),
  `updatedAt` datetime(3) NOT NULL,
  `country` varchar(191) COLLATE utf8mb4_unicode_ci DEFAULT NULL,
  `house_number` varchar(191) COLLATE utf8mb4_unicode_ci DEFAULT NULL,
  `lat` double DEFAULT NULL,
  `lon` double DEFAULT NULL,
  `postcode` varchar(191) COLLATE utf8mb4_unicode_ci DEFAULT NULL,
  `state` varchar(191) COLLATE utf8mb4_unicode_ci DEFAULT NULL,
  `street` varchar(191) COLLATE utf8mb4_unicode_ci DEFAULT NULL,
  `city` varchar(191) COLLATE utf8mb4_unicode_ci DEFAULT NULL,
  PRIMARY KEY (`id`),
  UNIQUE KEY `user_email_key` (`email`)
) ENGINE=InnoDB AUTO_INCREMENT=1557 DEFAULT CHARSET=utf8mb4 COLLATE=utf8mb4_unicode_ci;
/*!40101 SET character_set_client = @saved_cs_client */;
/*!50112 SET @disable_bulk_load = IF (@is_rocksdb_supported, 'SET SESSION rocksdb_bulk_load = @old_rocksdb_bulk_load', 'SET @dummy_rocksdb_bulk_load = 0') */;
/*!50112 PREPARE s FROM @disable_bulk_load */;
/*!50112 EXECUTE s */;
/*!50112 DEALLOCATE PREPARE s */;
/*!40103 SET TIME_ZONE=@OLD_TIME_ZONE */;

/*!40101 SET SQL_MODE=@OLD_SQL_MODE */;
/*!40014 SET FOREIGN_KEY_CHECKS=@OLD_FOREIGN_KEY_CHECKS */;
/*!40014 SET UNIQUE_CHECKS=@OLD_UNIQUE_CHECKS */;
/*!40101 SET CHARACTER_SET_CLIENT=@OLD_CHARACTER_SET_CLIENT */;
/*!40101 SET CHARACTER_SET_RESULTS=@OLD_CHARACTER_SET_RESULTS */;
/*!40101 SET COLLATION_CONNECTION=@OLD_COLLATION_CONNECTION */;
/*!40111 SET SQL_NOTES=@OLD_SQL_NOTES */;


/*!40101 SET @OLD_CHARACTER_SET_CLIENT=@@CHARACTER_SET_CLIENT */;
/*!40101 SET @OLD_CHARACTER_SET_RESULTS=@@CHARACTER_SET_RESULTS */;
/*!40101 SET @OLD_COLLATION_CONNECTION=@@COLLATION_CONNECTION */;
/*!40101 SET NAMES utf8mb4 */;
/*!40103 SET @OLD_TIME_ZONE=@@TIME_ZONE */;
/*!40103 SET TIME_ZONE='+00:00' */;
/*!40014 SET @OLD_UNIQUE_CHECKS=@@UNIQUE_CHECKS, UNIQUE_CHECKS=0 */;
/*!40014 SET @OLD_FOREIGN_KEY_CHECKS=@@FOREIGN_KEY_CHECKS, FOREIGN_KEY_CHECKS=0 */;
/*!40101 SET @OLD_SQL_MODE=@@SQL_MODE, SQL_MODE='NO_AUTO_VALUE_ON_ZERO' */;
/*!40111 SET @OLD_SQL_NOTES=@@SQL_NOTES, SQL_NOTES=0 */;
/*!50717 SELECT COUNT(*) INTO @rocksdb_has_p_s_session_variables FROM INFORMATION_SCHEMA.TABLES WHERE TABLE_SCHEMA = 'performance_schema' AND TABLE_NAME = 'session_variables' */;
/*!50717 SET @rocksdb_get_is_supported = IF (@rocksdb_has_p_s_session_variables, 'SELECT COUNT(*) INTO @rocksdb_is_supported FROM performance_schema.session_variables WHERE VARIABLE_NAME=\'rocksdb_bulk_load\'', 'SELECT 0') */;
/*!50717 PREPARE s FROM @rocksdb_get_is_supported */;
/*!50717 EXECUTE s */;
/*!50717 DEALLOCATE PREPARE s */;
/*!50717 SET @rocksdb_enable_bulk_load = IF (@rocksdb_is_supported, 'SET SESSION rocksdb_bulk_load = 1', 'SET @rocksdb_dummy_bulk_load = 0') */;
/*!50717 PREPARE s FROM @rocksdb_enable_bulk_load */;
/*!50717 EXECUTE s */;
/*!50717 DEALLOCATE PREPARE s */;

LOCK TABLES `ArtTerm` WRITE;
/*!40000 ALTER TABLE `ArtTerm` DISABLE KEYS */;
INSERT INTO `ArtTerm` VALUES (1,'Abbaye de Créteil','Абатство Кретей','Established in 1906, the Abbaye de Créteil was a group of French writers, artists and composers who were inspired by the work of Renaissance writer François Rabelais','Абатство Кретей, засноване в 1906 році, було групою французьких письменників, художників і композиторів, які надихалися творчістю письменника епохи Відродження Франсуа Рабле','content_en:text','content_uk:text',1,100,'2024-11-29 00:30:26.699','2024-11-29 00:30:26.699'),(2,'Abject art','Об\'єктне мистецтво','Abject art is used to describe artworks which explore themes that transgress and threaten our sense of cleanliness and propriety particularly referencing the body and bodily functions','Аб’єктне мистецтво використовується для опису творів мистецтва, які досліджують теми, які виходять за межі нашого почуття чистоти та пристойності та загрожують їм, особливо посилаючись на тіло та функції організму','content_en:text','content_uk:text',1,1,'2024-11-29 00:30:26.699','2024-11-29 00:30:26.699'),(3,'Abstract art','Абстрактне мистецтво','Abstract art is art that does not attempt to represent an accurate depiction of a visual reality but instead uses shapes, colours, forms and gestural marks to achieve its effect','Абстрактне мистецтво — це мистецтво, яке не намагається представити точне зображення візуальної реальності, а натомість використовує форми, кольори, форми та жестові знаки для досягнення ефекту.','content_en:text','content_uk:text',1,1,'2024-11-29 00:30:26.699','2024-11-29 00:30:26.699'),(4,'Abstract expressionism','Абстрактний експресіонізм','Abstract expressionism is the term applied to new forms of abstract art developed by American painters such as Jackson Pollock, Mark Rothko and Willem de Kooning in the 1940s and 1950s. It is often characterised by gestural brush-strokes or mark-making, and the impression of spontaneity','Абстрактний експресіонізм — це термін, що застосовується до нових форм абстрактного мистецтва, розроблених американськими художниками, такими як Джексон Поллок, Марк Ротко та Віллем де Кунінг у 1940-х і 1950-х роках. Його часто характеризують жестикуляція мазків пензлем або позначення та враження спонтанності','content_en:text','content_uk:text',1,1,'2024-11-29 00:30:26.699','2024-11-29 00:30:26.699'),(5,'Baroque','Бароко','Baroque was the dominant style in art and architecture of the seventeenth century, characterized by self-confidence, dynamism and a realistic approach to depiction','Бароко було домінуючим стилем у мистецтві та архітектурі XVII ст., який характеризувався самовпевненістю, динамічністю та реалістичним підходом до зображення.','content_en:text','content_uk:text',1,1,'2024-11-29 00:30:26.699','2024-11-29 00:30:26.699');
/*!40000 ALTER TABLE `ArtTerm` ENABLE KEYS */;
UNLOCK TABLES;

LOCK TABLES `Exhibition` WRITE;
/*!40000 ALTER TABLE `Exhibition` DISABLE KEYS */;
INSERT INTO `Exhibition` VALUES (11,'2025-01-29 00:00:00.000','2025-01-31 00:00:00.000','10:00',1518,'2025-01-20 11:03:46.016','2025-01-20 11:03:46.016','<p>Kyiv Fashion is the largest international exhibition project that has a long and successful history and preserves the best exhibition traditions. This event is the most authoritative forum in the Ukrainian </p>','<p>Kyiv Fashion&nbsp;– найбільший міжнародний виставковий проект, який має багаторічну успішну історію, зберігає кращі виставкові традиції. Цей захід є найбільш авторитетним форумом у сфері модної індустрії України. Свідченням цього є позитивна динаміка розвитку проекту.</p>',NULL,NULL,'Kyiv Fashion 2025','Kyiv Fashion 2025','вулиця Чернієнка вулиця, 11, Богодухів, Харківська область, 62109',50.1633313,35.5251015,'18:00',12,NULL,NULL,NULL,NULL),(12,'2025-02-12 00:00:00.000','2025-01-14 00:00:00.000','10:00',1518,'2025-01-20 15:26:45.954','2025-01-20 15:26:45.954','<p>14th International Exhibition of Innovative Solutions in Grain Farming</p>','<p><span style=\"color: rgb(65, 64, 66);\">14 міжнародна виставка інноваційних рішень у зерновому господарстві</span></p>',NULL,NULL,'Grain technologies','Зернові технології','вулиця Броварський проспект, 15, Київ, 02002',50.4523824,30.59122284788629,'18:00',12,NULL,NULL,NULL,NULL),(13,'2025-03-19 00:00:00.000','2025-01-21 00:00:00.000','10:00',1518,'2025-01-20 15:36:06.845','2025-01-20 15:36:06.845','<p>The Kyiv International Furniture Forum (KIFF) is the largest international exhibition of furniture and interior items in Ukraine, an unmistakable indicator of the state and development of the furniture industry in our country, an inexhaustible source of modern technologies, ideas, trends and trends for interior decoration.</p>','<p>Київський міжнародний меблевий форум (KIFF) - наймасштабніша міжнародна виставка меблів і предметів інтер\'єру України, безпомилковий індикатор стану та розвитку меблевої індустрії нашої країни, невичерпне джерело сучасних технологій, ідей, трендів і тенденцій для облаштування інтер\'єру.</p>',NULL,NULL,'KIFF - KYIV INTERNATIONAL FURNITURE FORUM 2025','KIFF — КИЇВСЬКИЙ МІЖНАРОДНИЙ МЕБЛЕВИЙ ФОРУМ 2025','вулиця Броварський проспект, 15, Київ, 02092',50.47074725,30.66488143743567,'18:00',12,NULL,NULL,NULL,NULL),(14,'2025-03-16 00:00:00.000','2025-03-18 00:00:00.000','10:00',1518,'2025-01-26 13:39:53.036','2025-01-26 13:39:53.036','<p>International Forum of Food Industry and Packaging</p>','<p><span style=\"color: rgb(65, 64, 66);\">Міжнародний форум харчової промисловості і упаковки</span></p>',NULL,NULL,'IFFIP','IFFIP','вулиця Броварський проспект, 15, Київ, 02092',50.47074725,30.66488143743567,'18:00',12,NULL,NULL,NULL,NULL),(15,'2025-02-12 00:00:00.000','2025-01-14 00:00:00.000','10:00',1518,'2025-01-27 11:25:53.079','2025-01-27 11:25:53.079','<p>14th international exhibition of industrial vegetable growing, horticulture and viticulture</p>','<p><span style=\"color: rgb(65, 64, 66);\">14 міжнародна виставка промислового овочівництва, садівництва та виноградарства</span></p>',NULL,NULL,'Fruits. Vegetables. Logistics','Фрукти. Овочі. Логістика','вулиця Броварський проспект, 15, Київ, 02002',50.4523824,30.59122284788629,'18:00',12,NULL,NULL,NULL,NULL),(17,'2025-03-09 00:00:00.000','2025-03-29 00:00:00.000','12:59',1518,'2025-01-27 14:07:56.536','2025-01-27 14:07:56.536','<p>This is the seventh time the PinchukArtCentre has awarded the Future Generation Art Prize every two years. The aim of the prize is to discover new names in art and provide them with long-term support in the future. The shortlisted artists will be announced soon. </p>','<p>Уже всьоме PinchukArtCentre що два роки присуджує премію Future Generation Art Prize. Мета премії – відкрити нові імена в мистецтві й надати їм довгострокову підтримку в майбутньому. Незабаром обіцяють оголосили художників, які ввійшли до шорліста премії.</p>',NULL,NULL,'Exhibition of Future Generation Art Prize nominees','Виставка номінантів Future Generation Art Prize','вулиця Del Maestro, Asunción, 001530',-25.2882427,-57.5859331,'15:01',12,NULL,NULL,NULL,NULL),(18,'2025-02-12 00:00:00.000','2025-02-15 00:00:00.000','12:30',12,'2025-01-28 09:37:44.526','2025-01-28 09:37:44.526','<p>WinDoor-tech is a unique opportunity to get to know the complete market offer for manufacturers of windows, doors, gates and facade systems, as well as for designers and the scientific community.</p><p><br></p><p>Companies that manufacture and distribute machines and components for this segment can present the latest, most efficient and energy-saving technologies that are becoming increasingly popular in one place and in their own time at specialized trade fairs.</p>','<p>WinDoor-tech - унікальна нагода познайомитися з повною пропозицією ринку для виробників вікон, дверей, воріт і фасадних систем, а також для дизайнерів і наукових спільнот.</p><p><br></p><p>Компанії, які виробляють і розподіляють машини та компоненти для цього сегмента, в одному місці та у свій час на спеціалізованих виставках можуть представити найновіші, найефективніші та найефективніші та найенергоощадніші</p>',NULL,NULL,'WinDoor-tech','WinDoor-tech','вулиця Bukowska, 285, Poznań, województwo wielkopolskie, 60-189',52.4149001,16.82862859047486,'18:00',12,NULL,NULL,NULL,NULL),(29,'2025-02-20 00:00:00.000','2025-02-28 00:00:00.000','10:00',1518,'2025-02-20 22:48:57.564','2025-02-20 22:48:57.564','<p>Futuristic automotive expo showcasing electric vehicles and e-mobility solutions.</p>','<p>Футуристична автомобільна виставка, що демонструє електромобілі та рішення в галузі електромобільності.</p>',NULL,NULL,'E-Mobility Expo','Е-Мобільність Експо','Харківська область, 61127',50.09816832210246,36.37265255196519,'17:30',12,NULL,NULL,NULL,NULL);
/*!40000 ALTER TABLE `Exhibition` ENABLE KEYS */;
UNLOCK TABLES;

LOCK TABLES `ExhibitionArtist` WRITE;
/*!40000 ALTER TABLE `ExhibitionArtist` DISABLE KEYS */;
INSERT INTO `ExhibitionArtist` VALUES (14,13),(15,13),(17,13),(29,13),(12,1506),(13,1513),(18,1513);
/*!40000 ALTER TABLE `ExhibitionArtist` ENABLE KEYS */;
UNLOCK TABLES;

LOCK TABLES `ExhibitionImage` WRITE;
/*!40000 ALTER TABLE `ExhibitionImage` DISABLE KEYS */;
INSERT INTO `ExhibitionImage` VALUES (13,'../../uploads/exhibitionsImages/1737371025471-353707461.webp',11),(14,'../../uploads/exhibitionsImages/1737386804682-695873525.webp',12),(15,'../../uploads/exhibitionsImages/1737387366333-844477417.webp',13),(16,'../../uploads/exhibitionsImages/1737898791101-714773334.webp',14),(17,'../../uploads/exhibitionsImages/1737977151680-264540665.webp',15),(19,'../../uploads/exhibitionsImages/1737986875756-900429201.webp',17),(20,'../../uploads/exhibitionsImages/1738057063740-471601712.webp',18),(21,'../../uploads/exhibitionsImages/1740091735408-315767107.webp',29);
/*!40000 ALTER TABLE `ExhibitionImage` ENABLE KEYS */;
UNLOCK TABLES;

LOCK TABLES `ExhibitionProduct` WRITE;
/*!40000 ALTER TABLE `ExhibitionProduct` DISABLE KEYS */;
INSERT INTO `ExhibitionProduct` VALUES (17,102),(29,119),(29,122),(29,123),(18,139);
/*!40000 ALTER TABLE `ExhibitionProduct` ENABLE KEYS */;
UNLOCK TABLES;

LOCK TABLES `Like` WRITE;
/*!40000 ALTER TABLE `Like` DISABLE KEYS */;
INSERT INTO `Like` VALUES (11,1508,20,NULL,NULL,'2025-01-29 09:34:56.447',NULL),(22,1512,21,NULL,NULL,'2025-01-29 15:59:34.775',NULL),(30,1505,18,NULL,NULL,'2025-01-29 16:12:34.189',NULL),(31,1505,12,NULL,NULL,'2025-01-29 16:51:10.544',NULL),(49,1511,19,NULL,NULL,'2025-01-29 19:30:32.486',NULL),(50,1511,21,NULL,NULL,'2025-01-29 19:30:42.574',NULL),(51,1511,18,NULL,NULL,'2025-01-29 19:30:53.952',NULL),(55,1511,20,NULL,NULL,'2025-01-29 19:40:01.308',NULL),(64,12,NULL,NULL,NULL,'2025-02-01 20:24:20.811',NULL),(67,100,NULL,NULL,NULL,'2025-02-01 20:49:02.652',NULL),(69,14,NULL,NULL,NULL,'2025-02-01 21:02:54.850',NULL),(80,1501,NULL,NULL,NULL,'2025-02-01 21:18:27.367',NULL),(82,1503,NULL,NULL,NULL,'2025-02-01 21:18:56.626',NULL),(84,1504,NULL,NULL,NULL,'2025-02-01 21:19:47.333',NULL),(86,12,21,NULL,NULL,'2025-02-02 13:54:08.969',NULL),(87,12,NULL,NULL,NULL,'2025-02-02 13:55:29.509',1513),(91,12,NULL,NULL,NULL,'2025-02-02 13:56:16.800',1501),(92,13,NULL,NULL,NULL,'2025-02-02 13:56:42.048',1501),(93,13,NULL,NULL,NULL,'2025-02-02 13:57:19.712',12),(95,1503,21,NULL,NULL,'2025-02-02 13:59:26.711',NULL),(96,1503,NULL,NULL,NULL,'2025-02-02 14:01:35.841',12),(97,1503,NULL,NULL,18,'2025-02-02 14:12:51.040',NULL),(98,1503,NULL,NULL,17,'2025-02-02 14:19:24.404',NULL),(99,12,NULL,NULL,18,'2025-02-02 14:26:57.006',NULL),(101,12,NULL,NULL,NULL,'2025-02-02 14:34:21.629',13),(104,12,NULL,116,NULL,'2025-02-02 21:46:06.927',NULL),(105,12,NULL,120,NULL,'2025-02-02 21:47:10.320',NULL),(108,1518,NULL,122,NULL,'2025-02-02 22:04:26.608',NULL),(109,1518,NULL,145,NULL,'2025-02-02 22:04:31.606',NULL),(110,1518,NULL,142,NULL,'2025-02-02 22:05:45.627',NULL),(111,1518,NULL,144,NULL,'2025-02-02 22:05:54.263',NULL),(112,1518,NULL,103,NULL,'2025-02-02 22:07:37.454',NULL),(113,1518,20,NULL,NULL,'2025-02-02 22:08:09.928',NULL),(114,1508,NULL,NULL,NULL,'2025-02-03 09:18:24.983',1501),(115,1508,16,NULL,NULL,'2025-02-03 09:19:05.746',NULL),(117,1517,17,NULL,NULL,'2025-02-04 01:38:22.279',NULL),(118,12,NULL,122,NULL,'2025-02-24 01:26:21.143',NULL),(119,13,NULL,123,NULL,'2025-02-25 18:31:16.481',NULL);
/*!40000 ALTER TABLE `Like` ENABLE KEYS */;
UNLOCK TABLES;

LOCK TABLES `Post` WRITE;
/*!40000 ALTER TABLE `Post` DISABLE KEYS */;
INSERT INTO `Post` VALUES (3,'\"Bridging Cultures: [Artist\'s Name]’s Bilingual','\"Мости між культурами: Двомовні шедеври','<p>Need or not to need where do we have text</p>','<p>Відкрийтие для себе світ візіонера, який бездоганно поеднує англійську та українську мови у вражаючих візуальних наративах. Його остання колекція досліджуе теми ідентичності, спадщина</p>',1512,'/uploads/1734697933174-743881860.webp','2024-12-20 12:14:22.082','2024-12-20 13:29:21.480',NULL,NULL,NULL),(4,'New Art Exhibition Opens in Downtown Gallery','У центрі міста відкрилася нова художня виставка','<p>The much-anticipated exhibition, \"Colors of Life,\" showcases works from emerging and established artists. Visitors can explore stunning paintings, sculptures, and digital art that celebrate the vibrancy of human expression.</p>','<p>Довгоочікувана виставка «Кольори життя» представляє роботи молодих і відомих митців. Відвідувачі зможуть насолодитися картинами, скульптурами та цифровим мистецтвом, що вшановують яскравість людського самовираження.</p>',1512,'/uploads/1735649759732-949618405.jpg','2024-12-24 11:03:32.997','2024-12-31 12:56:00.283',NULL,NULL,NULL),(5,'Фахівці оцифрували фрески найстарішої церкви Закар','Фахівці оцифрували фрески найстарішої церкви Закар','<p><span style=\"color: rgb(102, 102, 102);\">Горянська ротонда (церква Покрови Пресвятої Богородиці) в Ужгороді існує з середньовічного ХІІІ ст. Первісно це була ротонда (кругла споруда), до якої аж до XX ст. робили прибудови, однак інтер’єр зберіг початкові розписи.</span></p><p><span style=\"color: rgb(102, 102, 102);\">https://zaxid.net/news/</span></p>','<p><span style=\"color: rgb(102, 102, 102);\">Горянська ротонда (церква Покрови Пресвятої Богородиці) в Ужгороді існує з середньовічного ХІІІ ст. Первісно це була ротонда (кругла споруда), до якої аж до XX ст. робили прибудови, однак інтер’єр зберіг початкові розписи.</span></p><p><span style=\"color: rgb(102, 102, 102);\">https://zaxid.net/news/</span></p>',1512,'/uploads/1735617166764-240927636.jpg','2024-12-31 03:52:46.767','2024-12-31 03:52:46.767',NULL,NULL,NULL),(6,'To be Pablo Picasso','Бути Пабло Пікассо','<p><span style=\"color: rgb(40, 40, 40);\">25 жовтня народився один із найвизначніших художників ХХ століття Пабло Пікассо (1881-1973). Його творчість та довгий життєвий шлях не могли не зробити з нього одного з улюблених кіногероїв.</span></p>','<p><span style=\"color: rgb(40, 40, 40);\">25 жовтня народився один із найвизначніших художників ХХ століття Пабло Пікассо (1881-1973). Його творчість та довгий життєвий шлях не могли не зробити з нього одного з улюблених кіногероїв.</span></p>',1516,'/uploads/1735617264562-422895255.jpg','2024-12-31 03:54:24.564','2024-12-31 03:54:24.564',NULL,NULL,NULL),(7,'You can visit three exhibitions at once in Pidhirt','У Підгорецькому замку можна відвідати три виставк ','<p>The Pidhirtsi Castle Museum-Reserve presents three exhibition projects by contemporary artists at once. These are “National Industry. Pidhirtsi” (will last until 15.09.2024), a personal exhibition of Mykola Lukin ‘Water is sharpening’ (will last until 25.08.2024) and a personal exhibition of Vasyl Dmytryk ‘Etching copper’ (will last until 25 August 2024).</p><p>https://zaxid.net/news/</p>','<p><span style=\"color: rgb(102, 102, 102);\">У музеї-заповіднику «Підгорецький замок» представлено відразу три виставкові проєкти сучасних художників. Це «Нацпром. Підгірці» (триватиме до 15.09.2024), персональна виставка Миколи Лукіна «Вода точить» (триватиме до 25.08.2024) та персональна виставка Василя Дмитрика «Травить мідь» (триватиме до 25 серпня 2024 року).</span></p><ul><li><span style=\"color: rgb(102, 102, 102);\">https://zaxid.net/news/</span></li></ul>',1516,'/uploads/1735617475832-657251594.jpg','2024-12-31 03:57:55.835','2024-12-31 03:57:55.835',NULL,NULL,NULL),(8,'Claude Monet is the most successful artist among the','Клод Моне є найуспішнішим художником серед імпресіоністів','<p>The Artnet portal together with the financial corporation Morgan Stanley analyzed the state of the Impressionist market (2024 marks the 150th anniversary of the birth of this artistic movement). The main conclusion was that now that most of the masterpieces are in museums and private collections, the incredible price hikes in this segment are unlikely to return to the </p>','<p>Портал&nbsp;Artnet&nbsp;спільно з фінансовою корпорацією Morgan Stanley проаналізували стан ринку імпресіоністів (у 2024 відзначається 150-річчя з моменту зародження цього художнього напряму). Головний висновок виявився таким: наразі, коли більшість шедеврів осіли в музеях та приватних колекціях, неймовірні стрибки цін у цьому сегменті навряд чи повернуться до астрономічних показників кінця 1980-х — початку 1990-х років. </p>',1512,'/uploads/1736437034919-485582668.jpg','2025-01-09 15:37:14.930','2025-01-14 11:47:59.995',NULL,NULL,NULL),(9,'8 theater premieres worth seeing in January','8 театральних прем\'єр, які варто побачити у січні','<p>Among the most anticipated theater premieres in January are the documentary plus-size musical Losing Weight on Monday, the drama Son based on Florian Zeller\'s play, and the tour of one of Lviv\'s most high-profile opera productions, Dialogues of the Carmelites, to Kyiv.</p>','<p>Серед найочікуваніших театральних прем\'єр січня — документальний плюс-сайз мюзикл \"Худну з понеділка\", драма \"Син\" за п\'єсою Флоріана Зеллера та гастролі у Києві однієї з найгучніших оперних вистав Львова — \"Діалоги кармеліток\".</p>',1512,'/uploads/1736851928613-503216435.webp','2025-01-14 10:52:08.649','2025-01-15 07:36:34.596',NULL,NULL,NULL),(10,'Razumfest children\'s creativity contest has started in Ukraine','В Україні розпочався конкурс дитячої творчості «РОЗУМфест»','<p>A competition for children\'s creativity “MINDFEST” has been announced in Ukraine.</p><p>This was reported by the Ministry of Culture and Strategic Communications, Ukrinform reports.</p><p><br></p><p>As noted, the event is aimed at supporting and developing young talents who will demonstrate their vision of Ukrainian history through art. It is organized by the National Reserve “Hetman\'s Capital” in cooperation with the charitable foundation of Nadiya Vovk “Berehynia”.</p>','<p>В Україні оголошено конкурс дитячої творчості «РОЗУМфест».</p><p>Про це повідомляє&nbsp;Міністерство культури та стратегічних комунікацій, передає Укрінформ.</p><p>Як зазначається, захід спрямований на підтримку та розвиток юних талантів, які продемонструють своє бачення української історії через мистецтво. Його проводить Національний заповідник «Гетьманська столиця» спільно з благодійним фондом Надії Вовк «Берегиня».</p>',1515,'/uploads/1736926073177-927582922.jpg','2025-01-15 07:27:53.183','2025-01-15 07:27:53.183',NULL,NULL,NULL),(11,'Ukrainian Book Institute prepares to participate in the London Book Fair','Український інститут книги готується до участі у Лондонському ярмарку','<p>The Ukrainian Book Institute has begun preparations for Ukraine\'s participation in the London Book Fair 2025.</p><p>According to Ukrinform, this was reported by the Ukrainian Book Institute.</p><p>The London Book Fair is one of the most important business events in the book industry in the English-speaking world. In 2024, it was attended by more than 30 thousand people.</p>','<p>Український інститут книги почав підготовку до участі України в Лондонському книжковому ярмарку 2025.</p><p>Як передає Укрінформ, про це повідомляє&nbsp;Український інститут книги.</p><p>Лондонський книжковий ярмарок є однією із найважливіших бізнес-подій у книжковій індустрії англомовного світу. У 2024 році його відвідали понад 30 тис. людей.</p>',1515,'/uploads/1736926461633-586452989.png','2025-01-15 07:34:21.639','2025-01-15 07:34:21.639',NULL,NULL,NULL),(12,'Tochytsky discusses protection of culture in the context of war with Croatian minister','Точицький обговорив із міністеркою Хорватії захист культури в контексті війни','<p>Minister of Culture and Strategic Communications Mykola Tochytskyi discussed prospects for cooperation in the field of culture and strategic communications during a telephone conversation with Minister of Culture and Media of the Republic of Croatia Nina Obulen-Korzinek.</p>','<p><span style=\"color: rgb(51, 51, 51);\">Міністр культури та стратегічних комунікацій Микола Точицький під час телефонної розмови з міністеркою культури та медіа Республіки Хорватія Ніною Обулєн-Коржінек обговорили перспективи співпраці у сфері культури та стратегічних комунікацій.</span></p>',1515,'/uploads/1736926540638-731002301.jpg','2025-01-15 07:35:40.642','2025-01-15 07:35:40.642',NULL,NULL,NULL),(13,'Zelenska gets acquainted with the work of the Odesa Regional Center of Ukrainian Culture','Зеленська ознайомилася з роботою Одеського обласного центру української культури','<p>The wife of the President of Ukraine, Olena Zelenska, got acquainted with the work of the Odesa Regional Center for Ukrainian Culture.</p><p>According to Ukrinform, the first lady wrote about this on Facebook and showed photos and videos from the institution, which treats people with song and art.</p><p><br></p><p>According to her, the center says: “We treat the soul. Our means are song, word, art, tradition.”</p>','<p>Дружина Президента України Олена Зеленська ознайомилася з роботою Одеського обласного центру української культури.</p><p>Як передає Укрінформ, про це перша леді написала у&nbsp;Фейсбуці&nbsp;та показала фото і відео з закладу, де лікують піснею та мистецтвом.</p><p>За її словами, у центрі кажуть: “ми лікуємо душу. Наші засоби – це пісня, слово, мистецтво, традиція”.</p>',1512,'/uploads/1736926700005-11152528.jpeg','2025-01-15 07:38:20.008','2025-01-15 07:38:20.008',NULL,NULL,NULL),(14,'Archaeologists reveal details of tattoos of ancient mummies from Peru','Археологи розкрили подробиці татуювання стародавніх мумій з Перу','<p>A group of international archaeologists has found that detailed tattoos found on Peruvian mummies were made almost 1200 years ago using cactus needles or sharp animal bones.</p><p>According to Ukrinform, this was reported by The Independent.</p><p>The researchers used laser scanning to study the intricate patterns on the human remains of the pre-Hispanic era in South America.</p>','<p>Група міжнародних археологів з’ясувала, що виявлені на перуанських муміях деталізовані татуювання були зроблені майже 1200 років тому із використанням голок кактусів або гострих кісток тварин.</p><p>Як передає Укрінформ, про це повідомляє&nbsp;The Independent.</p><p>Дослідники використовували лазерне сканування, щоб вивчити складні візерунки на людських останках доіспанської доби у Південній Америці.</p>',1516,'/uploads/1736927020059-180367114.jpg','2025-01-15 07:43:40.062','2025-01-15 07:43:40.062',NULL,NULL,NULL),(15,'“The Witch of Konotop\": The Franko Theater presented the legendary play in Europe and won the hearts of the audience','«Конотопська відьма»: Театр Франка представив легендарну виставу у Європі та підкорив серця глядачів','<p>The troupe of the Ivan Franko National Academic Drama Theater continues its large-scale tour of Europe with the play The Witch of Konotop, directed by Ivan Uryvsky.&nbsp;The legendary production has already been seen by audiences in Germany, the Czech Republic, Austria and Switzerland. All performances were sold out, impressing with the depth, uniqueness and emotional power of Ukrainian theater.</p>','<p>Трупа Національного академічного драматичного театру ім. Івана Франка продовжує масштабний гастрольний тур Європою з виставою «Конотопська відьма» у постановці режисера Івана Уривського.&nbsp;Легендарну постановку вже побачили глядачі у Німеччині, Чехії, Австрії та Швейцарії. Усі покази пройшли з аншлагами, вразивши глибиною, унікальністю й емоційною силою українського театрального мистецтва.</p>',1516,'/uploads/1736927717180-930070512.jpg','2025-01-15 07:55:17.183','2025-01-15 07:55:17.183',NULL,NULL,NULL),(16,'How I met David Lynch: stories of stars whose lives were influenced by meeting the director','Як я зустрів Девіда Лінча: історії зірок, на чиє життя вплинула зустріч із режисером','<p>On January 20, the master of surrealist cinema and eerie fantasies David Lynch was supposed to turn 79 years old. However, on January 16, it became known that he had died.</p><p>The director was widely recognized by critics and audiences for his works, including the cult series Twin Peaks, the films Rubber Head, Blue Velvet and others. However, Lynch is also known for his artistry and connections to the art world.</p><p>In this article, Suspilne Kultura has collected stories from celebrities about how meeting David Lynch influenced their lives, and one about how a story from the actor\'s life became an unexpected inspiration for a movie.</p><p>The text was first published on January 20, 2024.</p>','<p>20 січня майстру сюрреалістичного кіно та моторошних фантазій&nbsp;Девіду Лінчу&nbsp;мало виповнитися 79 років. Однак 16 січня стало відомо, що він помер.Режисер отримав широке визнання серед критиків та глядачів за свої роботи, серед яких культовий серіал \"Твін Пікс\", фільми \"Голова-гумка\", \"Синій оксамит\" та інші. Проте Лінч також відомий і своєю артистичністю та зв\'язками зі світом мистецтва.У цьому матеріалі&nbsp;Суспільне Культура&nbsp;зібрало історії знаменитостей про те, як зустріч із Девідом Лінчем вплинула на їхнє життя, та одну — про те, як історія з життя актора стала несподіваним натхненням для фільму.Уперше текст було опубліковано 20 січня 2024 року</p>',13,'/uploads/1737102755649-269736984.jpg','2025-01-17 08:32:36.355','2025-01-17 08:32:36.355',NULL,NULL,NULL),(17,'Swamp princess conquers the charts: what we know about rapper Doechii','Болотяна принцеса підкорює чарти: що нам відомо про реперку Doechii','<p>Jeyla Jimaya Gikmon, better known as Doechii, became a real discovery of 2024 for many listeners. After the hit hit with Tyler, the Creator, Doechii\'s media presence has grown dramatically: interviews, videos of the artist herself on TikTok, reactions to new tracks on YouTube.</p><p>Four Grammy nominations and a viral Tiny Desk live show that we are dealing with a new big name in hip-hop. 2024 was definitely her year. But it would not be entirely fair to talk about Doechii without paying attention to her music before her debut mixtape.</p><p>In Artillery\'s new long-player, Winston Vaughan introduces you to the sides of Doechii that you might not have seen in your TikTok feed.</p>','<p>Джейла Джімая Гікмон, більш відома як Doechii, стала справжнім відкриттям 2024 року для багатьох слухачів. Після хітового фіту з Tyler, the Creator представленість Doechii в медіа сильно зросла — інтерв\'ю, відео самої артистки у TikTok, реакції на нові треки у YouTube.Чотири номінації на \"Ґреммі\" та вірусний лайв Tiny Desk переконливо свідчать, що маємо справу з новим великим іменем у хіпхопі. 2024-й однозначно був її роком. Але не до кінця справедливим було б говорити про Doechii, не звертаючи уваги на її музику до дебютного мікстейпу.У новому лонгріді&nbsp;Artилерії&nbsp;Вінстон Вон ознайомлює з тими сторонами Doechii, які ви могли не побачити у своїй TikTok-стрічці.</p>',13,'/uploads/1737155486532-162582758.jpg','2025-01-17 23:11:26.565','2025-01-17 23:11:26.565',NULL,NULL,NULL),(18,'We invite you to visit the construction exhibition - InterBuildExpo 2023','Запрошуємо вас відвідати будівельну виставку – InterBuildExpo 2023','<p>We invite you to visit the construction exhibition InterBuildExpo 2023, which will take place from March 9 to 11 at the International Exhibition Center (Kyiv, 15 Brovarsky Ave., Pavilion 1).</p><p><br></p><p>For many years, at the beginning of the construction season, we have been gathering the latest innovations and trends in modern construction at the professional InterBuildExpo platform, and this year will be no exception. The pavilion is waiting for you:</p><p><br></p><p>About 100 participating companies from all segments of the construction industry from general construction materials to interior elements and landscaping;</p><p>Business program with master classes and presentations at company stands;</p><p>Live communication with industry experts, discussion of topical issues related to the reconstruction of Ukraine;</p><p>Discussion panels with leading architects and designers;</p><p>Exposition of the International Furniture Forum KIFF</p>','<p>Запрошуємо вас відвідати будівельну виставку –&nbsp;InterBuildExpo 2023, яка відбудеться з&nbsp;9 по 11 березня&nbsp;у Міжнародному Виставковому Центрі (Київ, просп. Броварський, 15), 1й павільон.</p><p>Протягом багатьох років на початку будівельного сезону ми збираємо на професійному майданчику InterBuildExpo останні інновації і тренди сучасного будівництва, і цей рік не стане виключенням. У павільоні вас чекають:</p><p>Близько 100 компаній-учасниць зі всіх сегментів будівельної галузі від загальнобудівельних матеріалів до елементів інтер’єру та благоустрою;</p><p>Ділова програма з майстер-класами та презентаціями на стендах компаній;</p><p>Живе спілкування з експертами галузі, обговорення актуальних питань щодо відбудови України;</p><p>Дискусійні панелі з провідними архітекторами та дизайнерами;</p><p>Експозиція Міжнародного меблевого форуму&nbsp;KIFF</p>',1518,'/uploads/1737286793080-512931622.jpg','2025-01-19 11:39:53.090','2025-01-19 11:39:53.090',NULL,NULL,NULL),(19,'Pedal through cycling history at this Ohio bike museum','Крути педалі історії велосипедів у музеї велосипедного спорту в місті Огайо','<p>NEW BREMEN, Ohio (AP) — In a former hotel here in rural, western Ohio is a museum offering more than two centuries of bicycle history, from early high-wheelers to candy-hued 1960s Sting Rays.</p><p>There’s a 1901 ice bike, a kitschy 1949 Donald Duck artifact, a military-issued bike with a machine gun mount, bikes that appeared in movies (Pee Wee Herman’s) or belonged to stars (Robin Williams), and lots of Schwinns. As a bonus, there’s a Boy Scout cap worn by the first man on the moon, who grew up nearby.</p>','<p>НЬЮ-БРЕМЕН, штат Огайо (AP) - У колишньому готелі в сільській місцевості на заході штату Огайо знаходиться музей, що пропонує більш ніж двохсотлітню історію велосипедів, від ранніх велосипедів з високими колесами до цукеркових Sting Rays 1960-х років.</p><p><br></p><p>Тут є льодовий велосипед 1901 року, кітчевий артефакт Дональда Дака 1949 року, військовий велосипед з кріпленням для кулемета, велосипеди, які з\'являлися у фільмах (Пі Ві Германа) або належали зіркам (Робіну Вільямсу), а також багато велосипедів Schwinns. Як бонус - кашкет бойскаута, який носила перша людина на Місяці, що виросла неподалік.</p>',12,'/uploads/1737388480192-78365045.webp','2025-01-20 15:54:40.199','2025-01-20 15:54:40.199',NULL,NULL,NULL),(20,'British Museum reportedly in talks on Parthenon Sculptures','Британський музей веде переговори щодо скульптур Парфенону','<p>LONDON (AP) — The British Museum has pledged not to dismantle its collection, following a report that the institution’s chairman has held secret talks with Greece’s prime minister over the return of the Parthenon Sculptures, also known as the Elgin Marbles.</p><p>The report by the Greek newspaper Ta Nea is the latest twist in the long-running dispute over ownership of the ancient sculptures, which originally stood on the Acropolis in Athens and have been a centerpiece of the British Museum’s collection since 1816.</p><p>Ta Nea reported Saturday that negotiations between museum Chairman George Osborne and Greek Prime Minister Kyriakos Mitsotakis have been taking place since November 2021 and are at an advanced stage.</p>','<p>ЛОНДОН (AP) - Британський музей пообіцяв не розбирати свою колекцію після повідомлення про те, що голова установи провів таємні переговори з прем\'єр-міністром Греції щодо повернення скульптур Парфенону, також відомих як Мармурові скульптури Елгіна.</p><p><br></p><p>Повідомлення грецької газети Ta Nea є останнім поворотом у довготривалій суперечці про право власності на античні скульптури, які спочатку стояли на Акрополі в Афінах, а з 1816 року є центральним експонатом колекції Британського музею.</p><p><br></p><p>Ta Nea повідомила в суботу, що переговори між головою музею Джорджем Осборном і прем\'єр-міністром Греції Кіріакосом Міцотакісом тривають з листопада 2021 року і перебувають на просунутій стадії.</p><p><br></p>',12,'/uploads/1737540602939-121790439.webp','2025-01-22 10:10:02.967','2025-01-22 10:10:02.967',NULL,NULL,NULL),(21,'Greetings on the start of the exhibition event AgroSpring 2022!','Вітаємо з початком виставкового заходу «АгроВесна 2022»!','<p>The international exhibitions&nbsp;Grain Tech Expo 2022,&nbsp;Agro Animal Show 2022&nbsp;and&nbsp;Fruit. Vegetables. Logistics 2022&nbsp;have already actively started their work.</p><p>More than&nbsp;350 companies&nbsp;from&nbsp;13 countries&nbsp;are waiting for you at the exhibition area of&nbsp;16,000 sqm.</p><p>National expositions&nbsp;are presented by such countries as&nbsp;Austria, Denmark, France, Germany, Great Britain and the Netherlands.&nbsp;Turkey&nbsp;is represented by a&nbsp;collective exposition.</p><p>Saturated business program of events:&nbsp;https://www.grainexpo.com.ua/en/business-program/</p><p>Start the new agricultural season on&nbsp;February 15-17&nbsp;together with&nbsp;AgroSpring 2022&nbsp;at the International Exhibition Center.</p><p>Entrance is free!</p>','<p>Міжнародні виставки Grain Tech Expo 2022, Agro Animal Show 2022 та «Фрукти. Овочі. Логістика 2022 вже активно розпочали свою роботу.</p><p><br></p><p>Понад 350 компаній з 13 країн світу чекають на вас на виставковій площі 16 000 кв.м.</p><p><br></p><p>Національні експозиції представляють такі країни, як Австрія, Данія, Франція, Німеччина, Великобританія та Нідерланди. Туреччина представлена колективною експозицією.</p><p><br></p><p>Насичена ділова програма заходів: https://www.grainexpo.com.ua/en/business-program/</p><p><br></p><p>Розпочніть новий аграрний сезон 15-17 лютого разом з «АгроВесна 2022» у Міжнародному виставковому центрі.</p><p><br></p><p>Вхід вільний!</p>',1518,'/uploads/1738053779763-270827655.jpg','2025-01-28 08:42:59.795','2025-01-28 08:42:59.795',NULL,NULL,NULL);
/*!40000 ALTER TABLE `Post` ENABLE KEYS */;
UNLOCK TABLES;

LOCK TABLES `Product` WRITE;
/*!40000 ALTER TABLE `Product` DISABLE KEYS */;
INSERT INTO `Product` VALUES (1,'Canvas Set','Набір полотен','High-quality canvases for painting.','Високоякісні полотна для живопису.','Sizes: 16x20, 18x24, 24x36 inches.','Розміри: 16x20, 18x24, 24x36 дюймів.','2024-01-03 09:00:00.000','2024-01-03 09:00:00.000',1,NULL,NULL,NULL,NULL,NULL,NULL,NULL),(100,'Portrait of Jacques Nayral','Portrait of Jacques Nayral','Portrait of Jacques Nayral (also known as Portrait de Jacques Nayral) is a large oil painting created in 1911 by the French artist, theorist and writer Albert Gleizes (1881–1953).','Portrait of Jacques Nayral (also known as Portrait de Jacques Nayral) is a large oil painting created in 1911 by the French artist, theorist and writer Albert Gleizes (1881–1953).','Year	1911\nMedium	Oil on canvas\nDimensions	162 cm × 114 cm (63.8 in × 44.9 in)','Year	1911\nMedium	Oil on canvas\nDimensions	162 cm × 114 cm (63.8 in × 44.9 in)','2024-01-01 00:00:00.000','2024-01-01 00:00:00.000',1500,NULL,NULL,NULL,NULL,NULL,NULL,NULL),(101,'Kaleidoscope of Joy','Калейдоскоп радості','<p>A vibrant abstract painting in acrylic style, swirling bright colors reminiscent of childhood wonder, with bold shapes overlapping and blending seamlessly. Radiant hues of pink, yellow, teal, and orange create a joyful atmosphere. The canvas emanates positivity and lighthearted energy.</p>','<p>Яскраве дослідження кольору та форми, що викликає відчуття дитячого захоплення. Яскраві відтінки кружляють і зливаються, символізуючи взаємозв’язок миттєвостей життя. Сплеск позитиву на полотні.</p>','<p>Medium: Acrylic on Canvas</p><p>Dimensions: 24 x 36 inches</p><p>Year: 2024</p>','<ul><li>Техніка: Акрил на полотні</li><li>Розміри: 60 x 90 см</li><li>Рік: 2024</li></ul>','2024-12-22 18:16:14.865','2024-12-31 12:58:02.799',13,NULL,NULL,NULL,NULL,NULL,NULL,NULL),(102,'Echoes of Memory','Відлуння спогадів','<p>Subtle layers of muted tones create a reflective tapestry of recollections. Hints of hidden shapes emerge, suggesting the intangible nature of nostalgia. Quiet yet powerful, it invites introspection.</p>','<p>Ніжні шари приглушених тонів утворюють задумливу мозаїку спогадів. Ледь помітні форми проступають, натякаючи на невловимий характер ностальгії. Тиха, проте сильна робота, що спонукає до роздумів.</p>','<p>Medium: Oil on Linen</p><p>Dimensions: 20 x 20 inches</p><p>Year: 2024</p>','<p>Техніка: Олійні фарби на льоні</p><p>Розміри: 50 x 50 см</p><p>Рік: 2024</p>','2024-12-22 18:32:52.062','2024-12-22 22:16:03.331',13,NULL,NULL,NULL,NULL,NULL,NULL,NULL),(103,'Mixed Media on Canvas','Міська серенада','<p>Dynamic brushstrokes capture the pulse of a modern metropolis. Glowing streetlights and blurred silhouettes hint at the harmony and chaos of city life, revealing its underlying lyrical beauty.</p>','<p>Енергійні мазки передають ритм сучасного мегаполісу. Світло ліхтарів та розмиті силуети натякають на гармонію і хаос міського життя, розкриваючи його приховану ліричну красу.</p>','<p>Medium: Mixed Media on Canvas</p><p>Dimensions: 30 x 40 inches</p><p>Year: 2024</p>','<p>Техніка: Змішана техніка на полотні</p><p>Розміри: 75 x 100 см</p><p>Рік: 2024</p>','2024-12-22 20:31:11.051','2024-12-22 22:16:49.803',13,NULL,NULL,NULL,NULL,NULL,NULL,NULL),(107,'Infinite Horizon','Нескінченний горизонт','<p>A breathtaking seascape where the ocean meets the sky. The horizon is painted with shades of gold and crimson, reflecting the brilliance of a setting sun. Gentle waves ripple towards the viewer.</p>','<p>Вражаючий морський пейзаж, де океан зливається з небом. Горизонт залито відтінками золота та малинових кольорів, що віддзеркалюють захід сонця. Ніжні хвилі котяться до глядача.</p>','<p>Medium: Mixed Media on Canvas</p><p>Dimensions: 30 x 40 inches</p><p>Year: 2024</p>','<p>Техніка: Змішана техніка на полотні</p><p>Розміри: 75 x 100 см</p><p>Рік: 2024</p>','2024-12-23 09:40:28.774','2024-12-23 09:40:28.774',13,NULL,NULL,NULL,NULL,NULL,NULL,NULL),(108,'Whispering Woods','Шепіт лісу','<p>A mystical forest scene with towering trees bathed in moonlight. A soft fog weaves through the woods, and faint glimmers of fireflies create a magical ambiance. The painting evokes serenity and mystery.</p>','<p>Містичний ліс із високими деревами, залитими місячним світлом. М\'який туман огортає галявини, а слабкі вогники світлячків додають магічності. Картина викликає відчуття спокою та загадковості.</p>','<p>Medium: Mixed Media on Canvas</p><p>Dimensions: 30 x 40 inches</p><p>Year: 2024</p>','<p>Medium: Mixed Media on Canvas</p><p>Dimensions: 30 x 40 inches</p><p>Year: 2024</p>','2024-12-23 09:42:57.974','2024-12-23 09:42:57.974',13,NULL,NULL,NULL,NULL,NULL,NULL,NULL),(109,'Eternal Flames','Вічні вогні','<p>An abstract painting symbolizing resilience and passion. Swirling red and orange flames leap across the canvas, contrasted by cooler tones of blue and black, signifying balance amid chaos.</p>','<p>Абстрактна картина, що символізує стійкість і пристрасть. Завихрення червоних і помаранчевих вогнів охоплюють полотно, контрастуючи з холодними відтінками синього та чорного.</p>','<p>Medium: Mixed Media on Canvas</p><p>Dimensions: 30 x 40 inches</p><p>Year: 2024</p>','<p>Medium: Mixed Media on Canvas</p><p>Dimensions: 30 x 40 inches</p><p>Year: 2024</p>','2024-12-23 09:45:23.103','2024-12-23 09:45:23.103',13,NULL,NULL,NULL,NULL,NULL,NULL,NULL),(110,'Serenity’s Reflection','Віддзеркалення спокою','<p>A tranquil lakeside scene at sunrise. Gentle ripples reflect a pastel-colored sky, surrounded by tall reeds and distant mountains. The scene emanates peace and quiet contemplation.</p>','<p>Спокійний краєвид озера на світанку. Ніжні хвилі віддзеркалюють пастельне небо, оточене високими очеретами й далекими горами. Картина випромінює тишу й спокій для роздумів.</p>','<p>Medium: Watercolor on Paper</p><p>Dimensions: 18 x 24 inches</p><p>Year: 2024</p>','<p>Medium: Watercolor on Paper</p><p>Dimensions: 18 x 24 inches</p><p>Year: 2024</p>','2024-12-23 09:49:18.543','2024-12-23 09:49:18.543',13,NULL,NULL,NULL,NULL,NULL,NULL,NULL),(111,'Radiant Symphony','Сяюча симфонія','<p>A vibrant explosion of color inspired by music. Swirling notes of gold, blue, and violet dance across the canvas, creating a visual symphony of light and rhythm.</p>','<p>Яскравий вибух кольорів, натхненний музикою. Завихрення нот золота, синього та фіолетового танцюють по полотну, створюючи візуальну симфонію світла й ритму.</p>','<p>Medium: Acrylic on Canvas</p><p>Dimensions: 30 x 40 inches</p><p>Year: 2024</p>','<p>Medium: Acrylic on Canvas</p><p>Dimensions: 30 x 40 inches</p><p>Year: 2024</p>','2024-12-23 09:52:40.696','2024-12-23 09:52:40.696',13,NULL,NULL,NULL,NULL,NULL,NULL,NULL),(112,'Echoes of the Ocean','Відлуння океану','<p>An abstract representation of the ocean’s power. Waves crash in dynamic motion, painted with shades of turquoise, deep blue, and foaming white. The energy is palpable and untamed.</p>','<p>Абстрактне відображення сили океану. Хвилі розбиваються в динамічному русі, зображені відтінками бірюзового, глибокого синього та пінисто-білого. Енергія відчутна й неприборкана.</p>','<ul><li>Medium: Oil on Wood Panel</li><li>Dimensions: 24 x 36 inches</li><li>Year: 2024</li></ul><p><br></p>','<ul><li>Medium: Oil on Wood Panel</li><li>Dimensions: 24 x 36 inches</li><li>Year: 2024</li></ul><p><br></p>','2024-12-23 10:00:10.739','2024-12-23 10:00:10.739',13,NULL,NULL,NULL,NULL,NULL,NULL,NULL),(113,'Shadows of Time','Тіні часу','<p>An ancient clock tower bathed in the golden glow of sunset. Long shadows stretch across cobblestone streets, where a single figure walks quietly, carrying an air of nostalgia.</p>','<p>Старовинна вежа з годинником у золотому світлі заходу. Довгі тіні простягаються по брукованих вулицях, де одна фігура тихо крокує, несучи атмосферу ностальгії.</p>','<p>Medium: Watercolor and Ink</p><p>Dimensions: 20 x 30 inches</p><p>Year: 2024</p>','<p>Medium: Watercolor and Ink</p><p>Dimensions: 20 x 30 inches</p><p>Year: 2024</p>','2024-12-23 10:04:23.582','2024-12-23 10:04:23.582',13,NULL,NULL,NULL,NULL,NULL,NULL,NULL),(114,'Labyrinth of Light','Лабіринт світла','<p>An abstract maze of glowing lines in neon shades of blue, pink, and green. The pathways twist and overlap, creating a hypnotic sense of movement and depth, reminiscent of digital energy.</p>','<p>Абстрактний лабіринт із сяючих ліній у неонових відтінках синього, рожевого та зеленого. Стежки звиваються й перетинаються, створюючи гіпнотичне відчуття руху та глибини, нагадуючи цифрову енергію.</p>','<p>Medium: Digital Acrylic on Canvas</p><p>Dimensions: 36 x 36 inches</p><p>Year: 2024</p>','<p>Medium: Digital Acrylic on Canvas</p><p>Dimensions: 36 x 36 inches</p><p>Year: 2024</p>','2024-12-23 10:05:41.107','2024-12-23 10:05:41.107',13,NULL,NULL,NULL,NULL,NULL,NULL,NULL),(115,'Veil of Seasons','Завіса сезонів','<p>A single tree depicted through all four seasons. One side blossoms with spring flowers, the other glows with autumn leaves. Snow-covered branches and summer fruits complete the scene.</p>','<p>Одне дерево, зображене в усіх чотирьох порах року. З одного боку квітнуть весняні квіти, з іншого сяють осінні листя. Засніжені гілки та літні плоди завершують композицію.</p>','<p>Medium: Oil on Canvas</p><p>Dimensions: 40 x 60 inches</p><p>Year: 2024</p>','<p>Medium: Oil on Canvas</p><p>Dimensions: 40 x 60 inches</p><p>Year: 2024</p>','2024-12-23 10:07:08.564','2024-12-23 10:07:08.564',13,NULL,NULL,NULL,NULL,NULL,NULL,NULL),(116,'Aurora’s Dance','Танок Аврори','<p>A breathtaking view of the Northern Lights. Ribbons of green, purple, and pink dance across the dark sky, illuminating a frozen lake and snow-covered pine trees below.</p>','<p>Вражаючий вид північного сяйва. Стрічки зеленого, фіолетового та рожевого кольорів танцюють темним небом, освітлюючи замерзле озеро й засніжені сосни.</p>','<p>Medium: Digital Painting on Canvas</p><p>Dimensions: 36 x 48 inches</p><p>Year: 2024</p>','<p>Medium: Digital Painting on Canvas</p><p>Dimensions: 36 x 48 inches</p><p>Year: 2024</p>','2024-12-23 10:08:22.757','2024-12-23 10:08:22.757',13,NULL,NULL,NULL,NULL,NULL,NULL,NULL),(117,'Shadows of Time','Тіні часу','<p>An ancient clock tower bathed in the golden glow of sunset. Long shadows stretch across cobblestone streets, where a single figure walks quietly, carrying an air of nostalgia.</p>','<p>Старовинна вежа з годинником у золотому світлі заходу. Довгі тіні простягаються по брукованих вулицях, де одна фігура тихо крокує, несучи атмосферу ностальгії.</p>','<p>Medium: Watercolor and Ink</p><p>Dimensions: 20 x 30 inches</p><p>Year: 2024</p>','<p>Medium: Watercolor and Ink</p><p>Dimensions: 20 x 30 inches</p><p>Year: 2024</p>','2024-12-23 10:10:09.118','2024-12-23 10:10:09.118',13,NULL,NULL,NULL,NULL,NULL,NULL,NULL),(118,'Ruins of Tomorrow','Руїни завтрашнього дня','<p>A desolate cityscape under a fiery red sky. Crumbling skyscrapers are covered with overgrown vines, while abandoned streets are littered with remnants of a lost civilization.</p>','<p>Зруйнований міський пейзаж під палаючим червоним небом. Занедбані хмарочоси поросли плющем, а покинуті вулиці засіяні залишками втраченої цивілізації.</p>','<p>Medium: Acrylic and Oil on Canvas</p><p>Dimensions: 36 x 48 inches</p><p>Year: 2024</p>','<p>Medium: Acrylic and Oil on Canvas</p><p>Dimensions: 36 x 48 inches</p><p>Year: 2024</p>','2024-12-23 10:12:03.579','2024-12-23 10:12:03.579',13,NULL,NULL,NULL,NULL,NULL,NULL,NULL),(119,'Silent Fallout','Мовчазний осад','<p>A barren wasteland under a grey, ash-filled sky. Cracked earth stretches endlessly, with a lone figure in a gas mask walking towards a distant, crumbling monument.</p>','<p>Безплідна пустка під сірим небом, наповненим попелом. Тріщини на землі простягаються без кінця, а самотня фігура в протигазі рухається до зруйнованого монумента вдалині.</p>','<p>Medium: Charcoal and Oil on Canvas</p><p>Dimensions: 40 x 60 inches</p><p>Year: 2024</p>','<p>Medium: Charcoal and Oil on Canvas</p><p>Dimensions: 40 x 60 inches</p><p>Year: 2024</p>','2024-12-23 10:13:03.806','2024-12-23 10:13:03.806',13,NULL,NULL,NULL,NULL,NULL,NULL,NULL),(120,'Neon Aftermath','Неоновий наслідок','<p>A cyberpunk-inspired post-apocalyptic scene. Neon lights flicker from broken signs, illuminating rain-soaked streets and shadowy figures scavenging among debris.</p>','<p>Постапокаліптичний пейзаж у стилі кіберпанку. Неонові вогні миготять на зламаних вивісках, освітлюючи мокрі від дощу вулиці, де тіні шукають залишки серед уламків.</p>','<p>Medium: Digital Art</p><p>Dimensions: 48 x 72 inches</p><p>Year: 2024</p>','<p>Medium: Digital Art</p><p>Dimensions: 48 x 72 inches</p><p>Year: 2024</p>','2024-12-23 10:16:55.650','2024-12-23 10:16:55.650',13,NULL,NULL,NULL,NULL,NULL,NULL,NULL),(121,'The Last Oasis','Останній оазис','<p>A small patch of green life thrives amidst a vast desert of sand and rusted ruins. A trickling stream reflects the sky’s harsh sunlight, while skeletal remains of buildings loom in the distance.</p>','<p>Невеликий оазис життя серед величезної пустелі з піску й іржавих руїн. Струмок тече, віддзеркалюючи різке сонячне світло, а кістяки будівель видніються на горизонті.</p>','<p>Medium: Oil on Canvas</p><p>Dimensions: 30 x 40 inches</p><p>Year: 2024</p>','<p>Medium: Oil on Canvas</p><p>Dimensions: 30 x 40 inches</p><p>Year: 2024</p>','2024-12-23 13:42:27.475','2024-12-23 13:42:27.475',13,NULL,NULL,NULL,NULL,NULL,NULL,NULL),(122,'Ashes of Eden','An eerie vision of a forest destroyed by fire. Bla','<p>An eerie vision of a forest destroyed by fire. Blackened tree trunks stand as silent witnesses, while glowing embers flicker among the ashes on the forest floor.</p>','<p>Моторошне зображення лісу, зруйнованого вогнем. Обгорілі стовбури дерев стоять, мов мовчазні свідки, а тліючі жаринки миготять серед попелу на землі.</p>','<p>Medium: Acrylic and Charcoal on Canvas</p><p>Dimensions: 36 x 48 inches</p><p>Year: 2024</p>','<p>Medium: Acrylic and Charcoal on Canvas</p><p>Dimensions: 36 x 48 inches</p><p>Year: 2024</p>','2024-12-23 13:43:52.667','2025-02-25 17:51:11.627',13,NULL,'<p>20X20</p>','<p>Impresionism</p>','<p>Імресіонізм	</p>','<p>Coal technique</p>','<p>малювання вуглем</p>','<p>2 липня 20 року</p>'),(123,'Forgotten Highways','Забуті дороги','<p>A rusted highway overpass surrounded by overgrown weeds and cracked asphalt. The remnants of cars are scattered, and a single crow perches on a broken sign.</p>','<p>Іржавий шляхопровід, оточений бур\'янами й тріснутим асфальтом. Залишки автомобілів розкидані, а один ворон сидить на зламаній вивісці.</p>','<p>Medium: Oil on Canvas</p><p>Dimensions: 24 x 36 inches</p><p>Year: 2024</p>','<p>Medium: Oil on Canvas</p><p>Dimensions: 24 x 36 inches</p><p>Year: 2024</p>','2024-12-23 13:45:02.073','2024-12-23 13:45:02.073',13,NULL,NULL,NULL,NULL,NULL,NULL,NULL),(124,'Village Nature','Сільська природа','<p>No Description</p>','<p>Опис Відсутній</p>','<p>water oil</p>','<p>акварель</p>','2024-12-31 03:12:43.628','2024-12-31 03:12:43.628',1502,NULL,NULL,NULL,NULL,NULL,NULL,NULL),(125,'Murzilka in Africa','Мурзілка в Африці','<p>is a 1934 Ukrainian animated film created at the Kyiv-based Ukrainfilm film factory[1].</p>','<p>країнський анімаційний фільм 1934 року створений на київській кінофабриці&nbsp;Українфільм[1].</p>','<p>Type</p><p>animated</p><p>Genre</p><p>children\'s movie and feature film</p>','<p>Вид</p><p>анімаційний</p><p>Жанр</p><p>дитячий фільм&nbsp;і&nbsp;художній фільм</p>','2024-12-31 03:19:14.795','2024-12-31 03:19:14.795',1503,NULL,NULL,NULL,NULL,NULL,NULL,NULL),(126,'I`m Anna','Я Анна','<p>The works are in the state collection of Ukraine in the fund of the National Art Gallery. Anna\'s paintings are in private collections in Ukraine, Austria, USA,&nbsp;</p><p>Poland, Czech Republic, Spain and Portugal.&nbsp;</p>','<p>Роботи знаходяться в державній колекції України у фонді Національної картинної галереї. Картини Анни знаходяться в приватних колекціях в Україні, Австрії, США,&nbsp;</p><p>Польщі, Чехії, Іспанії та Португалії.&nbsp;</p>','<p>Dimensions</p><p>125x85cm</p><p>Materials</p><p>Oil on canvas</p>','<p>Розміри</p><p>125х85см</p><p>Матеріали</p><p>Олія на полотні</p>','2024-12-31 03:27:19.295','2025-01-11 15:51:27.172',1505,NULL,NULL,NULL,NULL,NULL,NULL,NULL),(127,'The First Week ','Перший тиждень','<p>In 2022, the artist received the VIA Carpathia Biennial of Contemporary Art award.</p>','<p>У 2022 році художниця отримала нагороду Бієнале сучасного мистецтва ‘VIA Carpatia’.</p>','<p><br></p><p>2022</p><p>50x50 cm</p><p>pencil on wooden board</p>','<p>2022</p><p>50x50 см</p><p>олівець на дерев\'яній дошці</p>','2024-12-31 03:33:43.641','2025-01-11 16:00:49.233',1506,NULL,NULL,NULL,NULL,NULL,NULL,NULL),(128,' Monokhromnyy peyzazh Monochrome landsc','Монохромний пейзаж','<p><em style=\"color: rgb(51, 51, 51);\">«З дитинства мене тягнуло до мистецтва, оскільки я жив у селі, мене дуже надихала природа. Мій дід-художник змалку вчив мене малювати. Після закінчення школи я вступив до художньої школи і провчився там 4 роки (2014-2018), потім у 2018 році вступив до Харківської державної академії дизайну і мистецтв»</em><span style=\"color: rgb(51, 51, 51);\">, - розповідає харків’янин.</span></p>','<p><em style=\"color: rgb(51, 51, 51);\">«З дитинства мене тягнуло до мистецтва, оскільки я жив у селі, мене дуже надихала природа. Мій дід-художник змалку вчив мене малювати. Після закінчення школи я вступив до художньої школи і провчився там 4 роки (2014-2018), потім у 2018 році вступив до Харківської державної академії дизайну і мистецтв»</em><span style=\"color: rgb(51, 51, 51);\">, - розповідає харків’янин.</span></p>','<p>Oil</p>','<p>Масло</p>','2025-01-11 04:14:39.486','2025-01-11 04:14:39.486',1502,NULL,NULL,NULL,NULL,NULL,NULL,NULL),(129,' Monokhromnyy peyzazh Monochrome landsc','Монохромний пейзаж','<p>\"Since childhood, I was drawn to art, since I lived in a village, I was very inspired by nature. My grandfather, an artist, taught me to draw from an early age. After graduating from school, I entered an art school and studied there for 4 years (2014-2018), then in 2018 I entered the Kharkiv State Academy of Design and Arts,\" says the Kharkiv native.</p>','<p><em style=\"color: rgb(51, 51, 51);\">«З дитинства мене тягнуло до мистецтва, оскільки я жив у селі, мене дуже надихала природа. Мій дід-художник змалку вчив мене малювати. Після закінчення школи я вступив до художньої школи і провчився там 4 роки (2014-2018), потім у 2018 році вступив до Харківської державної академії дизайну і мистецтв»</em><span style=\"color: rgb(51, 51, 51);\">, - розповідає харків’янин.</span></p>','<p>Oil</p>','<p>Масло</p>','2025-01-11 04:16:57.194','2025-01-11 04:16:57.194',1502,NULL,NULL,NULL,NULL,NULL,NULL,NULL),(130,' Monokhromnyy peyzazh Monochrome landsc','Монохромний пейзаж','<p>\"Since childhood, I was drawn to art, since I lived in a village, I was very inspired by nature. My grandfather, an artist, taught me to draw from an early age. After graduating from school, I entered an art school and studied there for 4 years (2014-2018), then in 2018 I entered the Kharkiv State Academy of Design and Arts,\" says the Kharkiv native.</p>','<p><em style=\"color: rgb(51, 51, 51);\">«З дитинства мене тягнуло до мистецтва, оскільки я жив у селі, мене дуже надихала природа. Мій дід-художник змалку вчив мене малювати. Після закінчення школи я вступив до художньої школи і провчився там 4 роки (2014-2018), потім у 2018 році вступив до Харківської державної академії дизайну і мистецтв»</em><span style=\"color: rgb(51, 51, 51);\">, - розповідає харків’янин.</span></p>','<p>Oil</p>','<p>Масло	</p>','2025-01-11 04:17:36.427','2025-01-11 04:17:36.427',1502,NULL,NULL,NULL,NULL,NULL,NULL,NULL),(131,'Naked and bold','Голі та сміливі','<p>Some of the images from my portrait series have real prototypes, but I still did not research the history of the fallen defenders of Ukraine. These paintings are more like symbols of both living and dead warriors fighting for our independence. I have already painted 56 portraits now, and I plan to continue this series.</p>','<p><span style=\"color: rgb(51, 51, 51);\">Деякі образи з моєї серії портретів мають реальні прототипи, але я все ж не досліджувала історії загиблих захисників України. Ці картини скоріше символи і живих, і мертвих воїнів, які борються за нашу незалежність. Зараз я вже намалювала 56 портретів, планую продовжувати цю серію.</span></p>','<p>Oil</p>','<p>Масло</p>','2025-01-11 04:25:35.792','2025-01-11 04:25:35.792',1503,NULL,NULL,NULL,NULL,NULL,NULL,NULL),(132,'Naked and bold','Голі та сміливі','<p>Some of the images from my portrait series have real prototypes, but I still did not research the history of the fallen defenders of Ukraine. These paintings are more like symbols of both living and dead warriors fighting for our independence. I have already painted 56 portraits now, and I plan to continue this series.</p>','<p><span style=\"color: rgb(51, 51, 51);\">Деякі образи з моєї серії портретів мають реальні прототипи, але я все ж не досліджувала історії загиблих захисників України. Ці картини скоріше символи і живих, і мертвих воїнів, які борються за нашу незалежність. Зараз я вже намалювала 56 портретів, планую продовжувати цю серію.</span></p>','<p>Oil</p>','<p>Масло</p>','2025-01-11 04:26:08.387','2025-01-11 04:26:08.387',1503,NULL,NULL,NULL,NULL,NULL,NULL,NULL),(133,'Naked and bold','Голі та сміливі','<p>Some of the images from my portrait series have real prototypes, but I still did not research the history of the fallen defenders of Ukraine. These paintings are more like symbols of both living and dead warriors fighting for our independence. I have already painted 56 portraits now, and I plan to continue this series.</p>','<p><span style=\"color: rgb(51, 51, 51);\">Деякі образи з моєї серії портретів мають реальні прототипи, але я все ж не досліджувала історії загиблих захисників України. Ці картини скоріше символи і живих, і мертвих воїнів, які борються за нашу незалежність. Зараз я вже намалювала 56 портретів, планую продовжувати цю серію.</span></p>','<p>Oil</p>','<p>Масло</p>','2025-01-11 04:26:36.336','2025-01-11 04:26:36.336',1503,NULL,NULL,NULL,NULL,NULL,NULL,NULL),(134,'One of 140','Одна з 140','<p>This painting was painted during 2024. And it is one of 140 paintings I have painted.</p>','<p>Ця картина написана впродовж 2024. І є одною з 140 картин написаних мною</p>','<p>Oil</p>','<p>Масло</p>','2025-01-11 04:37:32.743','2025-01-11 04:37:32.743',1504,NULL,NULL,NULL,NULL,NULL,NULL,NULL),(135,'Time','Час','<p>The works are in the state collection of Ukraine in the fund of the National Art Gallery. Anna\'s paintings are in private collections in Ukraine, Austria, USA,&nbsp;</p><p>Poland, Czech Republic, Spain and Portugal.&nbsp;</p>','<p>Роботи знаходяться в державній колекції України у фонді Національної картинної галереї. Картини Анни знаходяться в приватних колекціях в Україні, Австрії, США,&nbsp;</p><p>Польщі, Чехії, Іспанії та Португалії.&nbsp;</p>','<p>Dimensions</p><p>125x85cm</p><p>Materials</p><p>Oil on canvas</p>','<p>Розміри</p><p>125х85см</p><p>Матеріали</p><p>Олія на полотні</p>','2025-01-11 15:48:53.683','2025-01-11 15:48:53.683',1505,NULL,NULL,NULL,NULL,NULL,NULL,NULL),(136,'The First Week ','Перший тиждень','<p>In 2022, the artist received the VIA Carpathia Biennial of Contemporary Art award.</p>','<p>У 2022 році художниця отримала нагороду Бієнале сучасного мистецтва ‘VIA Carpatia’.</p>','<p><br></p><p>2022</p><p>50x50 cm</p><p>pencil on wooden board</p>','<p>2022</p><p>50x50 см</p><p>олівець на дерев\'яній дошці</p>','2025-01-11 16:02:55.890','2025-01-11 16:02:55.890',1506,NULL,NULL,NULL,NULL,NULL,NULL,NULL),(137,'The dog 2','Собака 2','<p>This is my third canvas from the «The dog» series. Almost two years have passed since the first canvas, where I decided to use the same approach, where different elements are collaged together to create a new image.</p><p>These elements are quite random, they are things that can surround us, they influence and shape us. And from this environment, each of us develops a personality, which I depicted in the form of an animal, or a dog.</p><p>Here, I’m rather thinking abo</p>','<p>Це моє третє полотно із серії «Собака». Майже два роки минуло з моменту створення першого полотна, де я вирішив використати той самий підхід, коли різні елементи колажуються разом, щоб створити новий образ.</p><p>Ці елементи досить випадкові, це речі, які можуть нас оточувати, вони впливають на нас і формують нас. І з цього середовища кожен з нас розвиває особистість, яку я зобразив у вигляді тварини, або собаки.</p>','<p>150×120cm acrylic on canvas.</p><p><br></p><p><br></p>','<p>150×120 см акрил на полотні.</p>','2025-01-11 16:12:28.516','2025-01-11 16:12:28.516',1501,NULL,NULL,NULL,NULL,NULL,NULL,NULL),(138,'Flood','Flood','<p>In 2020, I created my first series of abstract paintings called Flood. This experience was an important milestone for me, it allowed me to work freely with form and color on an intuitive level, without the framework of figuration. I decided to return to this approach and started a new series, which became a kind of continuation and rethinking of that experiment.</p>','<p>У 2020 році я створив свою першу серію абстрактних картин під назвою Flood. Цей досвід став для мене важливим етапом, він дозволив вільно працювати з формою й кольором на інтуїтивному рівні, без рамок фігуративності. Я вирішив повернутися до цього підходу й почав нову серію, яка стала своєрідним продовженням та переосмисленням того експерименту.</p>','<p> 150×120cm acrylic on canvas.</p><p><br></p><p><br></p>','<p>150×120 см акрил на полотні.</p>','2025-01-11 16:14:46.327','2025-01-11 16:14:46.327',1501,NULL,NULL,NULL,NULL,NULL,NULL,NULL),(139,'«Before Her Triumph»','«Before Her Triumph»','<p>Nina Murashkina makes sensual and metaphorical art which is built on her own sexuality and empirical knowledge of herself.</p><p>The artist crystallizes her own intimate experiences and reproduces her own vision of a woman through the vivid feminine images. The women with ambiguous and discredited positioning today are the Goddess: strong and weak at the same time with their snakelike plasticity and delicate sense, rational aspiration and irrational doubt that is able to capture but is more often to b</p>','<p>Ніна Мурашкіна створює чуттєве та метафоричне мистецтво, яке побудоване на власній сексуальності та емпіричному пізнанні себе.</p><p><br></p><p>Художниця викристалізовує власні інтимні переживання та відтворює власне бачення жінки через яскраві жіночі образи. Жінка з неоднозначним і дискредитованим позиціонуванням сьогодні - це Богиня: сильна і слабка водночас, зі своєю змієподібною пластикою і тонким відчуттям, раціональним прагненням і ірраціональним сумнівом, яка здатна захопити, але частіше - бути захоплено</p>','<p>Paper, ink, gold leaf.</p><p>Size: 70x50 cm</p>','<p>Папір, чорнило, золота поталь.</p><p>Розмір: 70х50 см</p>','2025-01-11 16:24:36.393','2025-01-11 17:17:47.892',1513,NULL,NULL,NULL,NULL,NULL,NULL,NULL),(140,'The Mimicry of Chaos.','Мімікрія хаосу','<p>This painting reflects my reflection on the present. Geese with very long necks resembling snakes are intertwined in a single leopard-colored composition, creating an image of chaos. Their snake-like necks symbolize the unpredictability and mixing of different forms, which is typical of situations where everything seems to be in disarray.</p>','<p>Це картина, яка відображає мою рефлексію на сьогодення. Гуси з дуже довгими шиями, що нагадують змій, переплітаються в єдину композицію з леопардовим забарвленням, створюючи образ хаосу. Їхні шиї, що виглядають як змії, символізують непередбачуваність і змішування різних форм, що є характерним для ситуацій, де все здається в розладі.</p>','<p>200x170cm</p><p><br></p><p>Oil paints, acrylic paints on canvas</p>','<p>200х170см</p><p>Олійні фарби, акрилові фарби на полотні</p>','2025-01-11 17:22:43.575','2025-01-11 17:22:43.575',1514,NULL,NULL,NULL,NULL,NULL,NULL,NULL),(141,'Bicycle History','Історія велосипеда','<p>1816 Draisine: The summer of 1815 saw a drop in global temperatures and famine across Europe and North America as a result of the volcanic eruption of Mt. Tambura in Indonesia. German inventor Karl Drais could no longer depend on his horses and livestock, and so the Laufmaschine (German for \"running machine\") was built in response to the need for transportation. </p>','<p>1816 р. Дресін: Влітку 1815 року внаслідок виверження вулкану Тамбура в Індонезії в Європі та Північній Америці сталося падіння глобальної температури та голод. Німецький винахідник Карл Драйс не міг більше покладатися на своїх коней та худобу, тому у відповідь на потребу в транспортуванні він створив Laufmaschine (з німецької - «машина, що біжить»).</p>','<p>Wood</p>','<p>Дерево</p>','2025-01-21 09:43:26.420','2025-01-21 09:43:26.420',12,NULL,NULL,NULL,NULL,NULL,NULL,NULL),(142,'Bicycle History','Історія велосипеда','<p>1875 Ariel: The Highwheel Era begins in the 1870s as James Starley makes the \"penny-farthing\" commercially available. The large front wheel acts as a gear ratio: a larger wheel means more ground can be covered with each rotation of the pedals. The pedals were still attached directly to the wheel provided a much smoother ride than its predecessor.</p>','<p>1875 Ariel: Ера великих коліс починається в 1870-х роках, коли Джеймс Старлі робить «пенні-фартинг» комерційно доступним. Велике переднє колесо виконує функцію передаточного числа: чим більше колесо, тим більшу відстань можна подолати за один оберт педалей. Педалі, як і раніше, були прикріплені безпосередньо до колеса, що забезпечувало набагато більш плавний хід, ніж у попередника.</p>','<p>Steel</p>','<p>Сталь</p>','2025-01-21 09:48:29.945','2025-01-21 09:48:29.945',12,NULL,NULL,NULL,NULL,NULL,NULL,NULL),(144,'Bicycle History','Історія велосипеда','<p>Safety Bicycles:&nbsp;The further improvement of the bicycle sparked the next innovation in 1886, or rather return to previous designs. With the success of the Industrial Revolution came stronger metals. Unlike direct drive in which efficiency is related only to the size of the drive wheel, instituting a chain drive allowed for increased efficiency in power. The safety bicycle was also able to be mass-produced and so became affordable for the average worker. The bicycle was no longer the prize of hig</p>','<p>Безпечні велосипеди: Подальше вдосконалення велосипеда спричинило наступну інновацію у 1886 році, а точніше повернення до попередніх конструкцій. З успіхом промислової революції з\'явилися міцніші метали. На відміну від прямого приводу, в якому ефективність залежала лише від розміру ведучого колеса, запровадження ланцюгового приводу дозволило підвищити ефективність потужності. Безпечний велосипед також можна було виробляти масово, а отже, він став доступним для пересічного робітника. Велосипед перестав бути призом вищого суспільства, адже тепер люди з усіх верств населення могли відчути свободу і радість їзди на ньому.</p>','<p>Steel</p>','<p>Сталь</p>','2025-01-21 09:51:49.094','2025-01-21 09:51:49.094',12,NULL,NULL,NULL,NULL,NULL,NULL,NULL),(145,'Bicycle History','Історія велосипеда','<p>The 1880s: During this period, it was not deemed proper for women to wear anything except long floor length dresses. Therefore, riding a highwheel bicycle was not appropriate. Bicycles, like this Otto Dicycle, allowed the rider to sit low to the ground while keeping her knees together as to not reveal her ankles and still experience the pleasure of riding a bicycle. The evolution of design and affordability would give women a new sense of freedom and access. Susan B. Anthony considered the inven</p>','<p>1880-ті роки: У цей період не вважалося пристойним для жінок носити щось, окрім довгих суконь до підлоги. Тому їзда на велосипеді з високими колесами була неприйнятною. Велосипеди, такі як цей велосипед Отто Діцикл, дозволяли жінці сидіти низько до землі, тримаючи коліна разом, щоб не відкривати щиколотки, і при цьому відчувати задоволення від їзди на велосипеді. Еволюція дизайну та доступності дала б жінкам нове відчуття свободи та доступу. Сьюзан Б. Ентоні вважала винахід велосипеда найважливішим фактором у боротьбі жінок за рівні права.</p>','<p>Steel</p>','<p>Сталь</p>','2025-01-21 13:19:59.416','2025-01-21 13:19:59.416',12,NULL,NULL,NULL,NULL,NULL,NULL,NULL);
/*!40000 ALTER TABLE `Product` ENABLE KEYS */;
UNLOCK TABLES;

LOCK TABLES `ProductImage` WRITE;
/*!40000 ALTER TABLE `ProductImage` DISABLE KEYS */;
INSERT INTO `ProductImage` VALUES (9,'/Img/testdata/artterms/100.jpg',100),(12,'../../uploads/productImages/1734905762534-568995488.webp',102),(13,'../../uploads/productImages/1734905809036-155486473.webp',103),(14,'../../uploads/productImages/1734946828751-880244829.webp',107),(15,'../../uploads/productImages/1734946828754-188961171.webp',107),(16,'../../uploads/productImages/1734946828757-718603182.webp',107),(17,'../../uploads/productImages/1734946977963-439991232.webp',108),(18,'../../uploads/productImages/1734946977965-624337953.webp',108),(19,'../../uploads/productImages/1734946977967-423709215.webp',108),(20,'../../uploads/productImages/1734947123089-136887171.webp',109),(21,'../../uploads/productImages/1734947123092-572616323.webp',109),(22,'../../uploads/productImages/1734947123094-842612314.webp',109),(23,'../../uploads/productImages/1734947358149-613155943.webp',110),(24,'../../uploads/productImages/1734947358151-701982614.webp',110),(25,'../../uploads/productImages/1734947358538-598197307.webp',110),(26,'../../uploads/productImages/1734947560687-348768527.webp',111),(27,'../../uploads/productImages/1734947560689-603937668.webp',111),(28,'../../uploads/productImages/1734947560690-183208695.webp',111),(29,'../../uploads/productImages/1734948010701-862698127.webp',112),(30,'../../uploads/productImages/1734948010729-988862283.webp',112),(31,'../../uploads/productImages/1734948010731-274888206.webp',112),(32,'../../uploads/productImages/1734948263576-867399144.webp',113),(33,'../../uploads/productImages/1734948341077-684248354.webp',114),(34,'../../uploads/productImages/1734948428559-445590498.webp',115),(35,'../../uploads/productImages/1734948502753-87475991.webp',116),(36,'../../uploads/productImages/1734948609114-986445617.webp',117),(37,'../../uploads/productImages/1734948723574-889546399.webp',118),(38,'../../uploads/productImages/1734948783802-468681861.webp',119),(39,'../../uploads/productImages/1734949015646-252529005.webp',120),(40,'../../uploads/productImages/1734961347470-877645712.webp',121),(42,'../../uploads/productImages/1734961502068-678434326.webp',123),(43,'../../uploads/productImages/1735614763033-664367556.jpg',124),(44,'../../uploads/productImages/1735615154763-426856379.jpg',125),(47,'../../uploads/productImages/1735649881579-560235937.jpg',101),(48,'../../uploads/productImages/1736568879452-450914623.webp',128),(49,'../../uploads/productImages/1736569017165-894007360.jpg',129),(50,'../../uploads/productImages/1736569056422-860039865.jpg',130),(51,'../../uploads/productImages/1736569535783-657849706.jpeg',131),(52,'../../uploads/productImages/1736569568380-686528272.jpg',132),(53,'../../uploads/productImages/1736569596329-907574169.jpeg',133),(54,'../../uploads/productImages/1736570252738-852175062.jpg',134),(55,'../../uploads/productImages/1736610533283-585528093.png',135),(56,'../../uploads/productImages/1736610685672-800569784.jpg',126),(57,'../../uploads/productImages/1736610686060-243130851.jpg',126),(58,'../../uploads/productImages/1736610686060-845662018.png',126),(59,'../../uploads/productImages/1736611248144-553321882.webp',127),(60,'../../uploads/productImages/1736611375885-705398344.webp',136),(61,'../../uploads/productImages/1736611948512-891664787.jpg',137),(62,'../../uploads/productImages/1736612086322-800364869.jpg',138),(64,'../../uploads/productImages/1736615866848-984158507.jpeg',139),(65,'../../uploads/productImages/1736616163570-163436526.jpg',140),(66,'../../uploads/productImages/1737452605698-733719371.jpeg',141),(67,'../../uploads/productImages/1737452909939-280965461.jpeg',142),(69,'../../uploads/productImages/1737453109088-121049967.jpeg',144),(70,'../../uploads/productImages/1737465599351-645585017.jpeg',145),(72,'../../uploads/productImages/1740505870395-132387012.webp',122);
/*!40000 ALTER TABLE `ProductImage` ENABLE KEYS */;
UNLOCK TABLES;

LOCK TABLES `_prisma_migrations` WRITE;
/*!40000 ALTER TABLE `_prisma_migrations` DISABLE KEYS */;
INSERT INTO `_prisma_migrations` VALUES ('01058860-20a2-4ecf-9869-45e5b8f57b1d','7315522a6ffdca0bf06faeb0d08b2f020e538a57e5639f73b0484ac29bf2fbb8','2024-12-30 23:35:37.858','20241219122335_clearblank',NULL,NULL,'2024-12-30 23:35:37.450',1),('02f46bda-5c3f-4a13-a627-5733e8f4dc30','284ceaf3ed7f888620fd43a50f089749142a6c21244450a708d2fde79d98c940','2025-01-23 05:38:52.028','20250123053850_add_title_bio',NULL,NULL,'2025-01-23 05:38:51.206',1),('037f7696-50d6-4ad2-a45f-e83348e37f3a','2f50bc38df7b8a7e2ef4563400e0d392971e3d9a72f1f92b4ce7a050bc71bd0e','2024-12-19 12:23:24.305','20241217131304_add_museum_address_fields',NULL,NULL,'2024-12-19 12:23:23.884',1),('0c8f2df8-dd57-4223-ab6d-9f2ea00a215a','0bd8a666b582b375a785ee545ad528867ca9e1e5b117b49aae47c8e8cc907977','2025-02-25 17:49:39.891','20250225174938_add_dateofcreation',NULL,NULL,'2025-02-25 17:49:38.844',1),('0d8d08cf-1957-4a0a-b67a-43ecb37d268a','27825202b687e2b0bdb90364a9285be63360d30cde79bc2945936bddc08cfdb9','2024-12-19 12:23:24.854','20241217143215_add_city_field',NULL,NULL,'2024-12-19 12:23:24.423',1),('13096e78-42fb-4c2b-9fe5-29f6af083f72','4bcd28a5411bec04080478d67cd2e475dba8dd58e365143e150a709a686b3c88','2024-12-19 12:23:20.523','20241123210244_clear_file',NULL,NULL,'2024-12-19 12:23:20.096',1),('19c09681-78df-4aa4-a777-a716b96769d2','c8a45377bd4a579ea0dc639c0f2075144e71c9bba0215853d2769f9da37e90bc','2024-12-30 23:35:35.192','20241203171605_',NULL,NULL,'2024-12-30 23:35:34.786',1),('2152cf1b-951d-476a-bc45-b6ba751a5f6e','9021ad1d5efcb54962df96fee4c4ae61e2375186ac8b72205fcb23b9ac55a087','2025-01-19 08:53:23.501','20250119085321_rename_exhibition_role',NULL,NULL,'2025-01-19 08:53:22.557',1),('2e6f3d5b-1b6b-4422-8683-5c502254fc3c','2a3cfa08cfb0b1f89cc4957d5fa5fee7a77e530dc62fd72cd7b858177de11ffe','2024-12-19 12:23:19.330','20241025233535_init',NULL,NULL,'2024-12-19 12:23:18.453',1),('2f959a97-546d-4196-b9e3-8064fe77d257','3b98f917e7b83356227c6e318e20a507d25fa22dca99eba5680aeb1cfc2828fb','2025-01-26 08:29:46.231','20250126082944_add_museum_id_product',NULL,NULL,'2025-01-26 08:29:45.381',1),('335af5e4-04ff-40d5-ada4-ffdba33acab0','d14b2846c95ca4107f779e2c6afe6e019c5a751bcf8b3f1065c9ab61694e6688','2025-01-20 09:04:18.613','20250120090417_add_museum_exhibition_relation',NULL,NULL,'2025-01-20 09:04:17.896',1),('34030c87-53bb-413e-85bc-71e42130ca76','34453937db69bc07592705bcce7e897a895c23bd23359c7a2d4efa2fa80f9722','2025-01-23 05:27:17.577','20250123052716_add_museum_exhibition_id_to_post',NULL,NULL,'2025-01-23 05:27:16.684',1),('34cee094-10f8-47e3-b46e-9e44d25b2de3','f9c6daae03af6f78447ae75ad309c0ff83bbffbd869e87859f0401b6e8777dd0','2024-12-19 12:23:23.765','20241212190119_add_end_time_to_exhibition',NULL,NULL,'2024-12-19 12:23:23.369',1),('368d179c-ac10-46dc-be53-a2608c98e308','98c986a020a12f5ee90333d862474ca7f90b252eff77d61b6aa84dfe8893880c','2024-12-30 23:35:35.717','20241212181120_add_lon_lat_address_to_exhibition',NULL,NULL,'2024-12-30 23:35:35.317',1),('3c5bce41-e142-4cba-86e0-814ad21efbfb','dc1dc9a6317c2e94b877e7619da07e05f5e35f39ed98c375126e678cbf18ce27','2025-01-19 08:02:16.232','20250119080214_add_exhibition_role',NULL,NULL,'2025-01-19 08:02:15.378',1),('3ced064d-04e2-4ce2-b02f-9aadb6818bbf','dac1939e75c34d626e7970557f097b1f77797795c22a8c4f96eecf92b9596dbe','2025-02-25 14:23:58.717','20250225142357_add_style_size_technique',NULL,NULL,'2025-02-25 14:23:57.849',1),('47f684eb-4544-49c4-8483-a731031ad70a','98c986a020a12f5ee90333d862474ca7f90b252eff77d61b6aa84dfe8893880c','2024-12-19 12:23:23.250','20241212181120_add_lon_lat_address_to_exhibition',NULL,NULL,'2024-12-19 12:23:22.863',1),('4c582548-5fa4-4816-b1ca-0712d7b2b786','27825202b687e2b0bdb90364a9285be63360d30cde79bc2945936bddc08cfdb9','2024-12-30 23:35:37.325','20241217143215_add_city_field',NULL,NULL,'2024-12-30 23:35:36.915',1),('50ed19ea-ed88-4670-a7af-ebd7850ac609','80e5d2787452cb4912bbde883754cd2fd4e99a8f28e8443897a204dbedca3a86','2025-01-27 08:36:36.243','20250127083634_add_exhibitionproduct',NULL,NULL,'2025-01-27 08:36:35.285',1),('5c127fca-7e1e-4bd5-9a6a-e04bfb22b8e7','8dd3cb5c7b99a6c231013564e930326c558585663293168058840cb59c29dba6','2024-12-30 23:35:34.086','20241203165907_post_column_sizes',NULL,NULL,'2024-12-30 23:35:33.696',1),('5c90620f-c5a5-4ea2-8a1a-75e0014f1d98','68619cbc24fc12b59c4af9ee2ef3556e6bc621c24e485c7d83ace0f4c756f008','2024-12-30 23:35:34.660','20241203170956_post_column_sizes2',NULL,NULL,'2024-12-30 23:35:34.211',1),('64968d7e-fa94-485e-af8f-ff8aab1e9998','2a3cfa08cfb0b1f89cc4957d5fa5fee7a77e530dc62fd72cd7b858177de11ffe','2024-12-30 23:35:31.811','20241025233535_init',NULL,NULL,'2024-12-30 23:35:30.967',1),('66c9e4d6-9dbd-4714-8ce1-24f6653a692b','9442deaa5f9cd9690e6a6f4a53574fbae89a12c5d5febfad687700ba230b4437','2025-02-02 13:51:28.750','20250202135127_add_likes_received',NULL,NULL,'2025-02-02 13:51:28.076',1),('6e3657b8-0625-4426-a5ac-901d17eb0a3f','72b129bcc85badca39555dd4bd683b3f200f6c475bfcabb04215b8cc78ef4445','2024-12-30 23:35:33.571','20241129115538_add_art_terms',NULL,NULL,'2024-12-30 23:35:33.138',1),('76f64e64-effc-491d-a3ec-85e98902432d','2f50bc38df7b8a7e2ef4563400e0d392971e3d9a72f1f92b4ce7a050bc71bd0e','2024-12-30 23:35:36.788','20241217131304_add_museum_address_fields',NULL,NULL,'2024-12-30 23:35:36.371',1),('7b718efb-1561-43ee-a001-f75bb839c2f0','666bde67aa84db3dc8428b791b4e95958f2c168e0b3923f270b45e50c01d7aa5','2025-01-09 15:24:08.804','20250109152407_add_more_charset_for_post_exhib_product',NULL,NULL,'2025-01-09 15:24:07.848',1),('944672ec-5978-42cb-a8d6-6f9855d3d838','4e71788ce02a0fdc3e50c885134d729c3488c7bfb4e033dd355eda96bf7afde2','2024-12-30 23:35:32.474','20241112112618_add_multilingual_fields_to_exhibition',NULL,NULL,'2024-12-30 23:35:32.060',1),('a301c56d-c37b-4324-8394-38bafe9e745f','cab83b1a0551420424651c02138ce6e576db7ed1638ab0b4bbbed9d4f7a3a9e8','2025-01-17 08:27:52.005','20250117082750_add_more_charset_for_post',NULL,NULL,'2025-01-17 08:27:51.092',1),('a3f45cf5-dbaf-44d8-9039-fe445873af4a','41c47ca97f27a5202b4b4c164fcf334f7c7b1d878fd1de95982ef239a0b8cb46','2025-01-09 14:54:08.502','20250109145407_add_author_role',NULL,NULL,'2025-01-09 14:54:07.609',1),('ab6f8f4f-6144-4940-9300-1cc24ae1d274','3392ad487ad02739359d57ff47831e2ecedf81fdd213b7115c74b246a27d5af2','2024-12-19 12:23:36.221','20241219122335_clearblank',NULL,NULL,'2024-12-19 12:23:35.825',1),('b488d633-b6d1-4465-a1a5-3e3655e182d2','c8a45377bd4a579ea0dc639c0f2075144e71c9bba0215853d2769f9da37e90bc','2024-12-19 12:23:22.744','20241203171605_',NULL,NULL,'2024-12-19 12:23:22.363',1),('bbfca6d4-b422-41c2-8c7e-457b468f56f5','f9c6daae03af6f78447ae75ad309c0ff83bbffbd869e87859f0401b6e8777dd0','2024-12-30 23:35:36.246','20241212190119_add_end_time_to_exhibition',NULL,NULL,'2024-12-30 23:35:35.842',1),('ca91ab61-5e2a-4724-a802-9d56cc5d274d','0576e26fd2b5b9f7deb59c4389ff75d67a7aa6fc7c7548c830a094957fee2b50','2025-01-17 12:01:09.853','20250117120108_add_creator_id_for_post',NULL,NULL,'2025-01-17 12:01:08.911',1),('cf15bee2-fee2-4d1b-a128-49b68d4edd5f','4e71788ce02a0fdc3e50c885134d729c3488c7bfb4e033dd355eda96bf7afde2','2024-12-19 12:23:19.978','20241112112618_add_multilingual_fields_to_exhibition',NULL,NULL,'2024-12-19 12:23:19.567',1),('d13db8dc-fb6b-4045-9cc7-e41a53dbc8d3','4bcd28a5411bec04080478d67cd2e475dba8dd58e365143e150a709a686b3c88','2024-12-30 23:35:33.013','20241123210244_clear_file',NULL,NULL,'2024-12-30 23:35:32.599',1),('d66e44b8-4108-4cbf-a72d-f61aa2504c56','e9eb4467d50a493428f024f93089d46a48637cdad38b9cc1a621878f06af8a43','2025-02-02 12:03:55.877','20250202120354_add_liker_id',NULL,NULL,'2025-02-02 12:03:55.140',1),('dbeda561-6521-4644-b78b-0404967fe232','68619cbc24fc12b59c4af9ee2ef3556e6bc621c24e485c7d83ace0f4c756f008','2024-12-19 12:23:22.244','20241203170956_post_column_sizes2',NULL,NULL,'2024-12-19 12:23:21.744',1),('e42dda25-f94e-43b9-ac47-3de431ab0a5d','8dd3cb5c7b99a6c231013564e930326c558585663293168058840cb59c29dba6','2024-12-19 12:23:21.626','20241203165907_post_column_sizes',NULL,NULL,'2024-12-19 12:23:21.256',1),('e614578a-ed3d-4bca-a59b-0099a50ff957','17a685f816b7eba83ca0ef5148cf146a44f4f9fd1d0893ab16c8ba8484a8916e','2025-01-23 05:32:16.294','20250123053214_add_time',NULL,NULL,'2025-01-23 05:32:15.409',1),('e83c78f1-bcab-427e-9af7-89f11fed52aa','72b129bcc85badca39555dd4bd683b3f200f6c475bfcabb04215b8cc78ef4445','2024-12-19 12:23:21.137','20241129115538_add_art_terms',NULL,NULL,'2024-12-19 12:23:20.642',1),('ef7318c2-a9e1-4b9f-927d-89a9b9abb5a1','ab901605f17ea2dd4ce9a466dde3b5e3c4b8e8fa19fad92cfcf5d91ed5a183bc','2025-01-28 12:03:46.798','20250128120345_',NULL,NULL,'2025-01-28 12:03:45.769',1),('fccb7132-4e4d-40b6-b282-c216d326e00a','3e87c643e437da506a29376c9e071a542fe19cdcb4d84182163cb5e3d5db7a58','2025-01-23 05:35:46.023','20250123053544_add_email',NULL,NULL,'2025-01-23 05:35:45.155',1);
/*!40000 ALTER TABLE `_prisma_migrations` ENABLE KEYS */;
UNLOCK TABLES;

LOCK TABLES `museum_logo_images` WRITE;
/*!40000 ALTER TABLE `museum_logo_images` DISABLE KEYS */;
INSERT INTO `museum_logo_images` VALUES (1,'/uploads/museumLogoImages/1737378077296-197533267.webp',12),(2,'/uploads/museumLogoImages/1734724376962-804205200.webp',14),(3,'/uploads/museumLogoImages/1735616518146-866366846.webp',1507),(4,'/uploads/museumLogoImages/1736851979004-891026105.webp',1510);
/*!40000 ALTER TABLE `museum_logo_images` ENABLE KEYS */;
UNLOCK TABLES;

LOCK TABLES `user` WRITE;
/*!40000 ALTER TABLE `user` DISABLE KEYS */;
INSERT INTO `user` VALUES (1,'admin@example.com','hashedpassword1','ADMIN','/uploads/profileImages/1733249956242-698381371.jpg','Admin User','Administrator of the platform.','2024-12-19 14:10:58.340','2024-12-19 14:10:58.000','United States','101',40.7128,-74.006,'10001','NY','5th Avenue','New York'),(12,'oleksandrberets@gmail.com','$2b$10$o8icnpBLDcXPWgDjZbA3v.cYpJLOnPYaFRPczAuhzvFuElVy6bJ/G','MUSEUM','/uploads/profileImages/1736933718909-131034208.jpg','Палац Потоцьких','<p>Справжня архітектурна перлина Львова. Цю будівлю зводили в останній декаді ХІХ століття як резиденцію&nbsp;<em>Альфреда Юзефа Потоцького</em>. </p>','2024-12-19 14:22:25.951','2025-01-20 13:01:20.962','Україна','50',48.61261785,22.28646899099665,'88018',NULL,'вулиця Іштвана Сечені','Ужгород'),(13,'oleksandrberetscreator@gmail.com','$2b$10$fTkJxYY0P9vDYs1tDQV.mOXtFZws11XDIGSFLnsI8.1ZXRdecaWF2','CREATOR','/uploads/profileImages/1736433196131-718367630.webp','Анатолій Криволап','<p>живописець і майстер нефігуративного живопису й пейзажу є одним із найдорожчих сучасних українських художників.&nbsp;</p>','2024-12-20 11:47:57.553','2025-01-09 14:33:16.832',NULL,NULL,NULL,NULL,NULL,NULL,NULL,NULL),(14,'vavadjan+museum1@gmail.com','$2b$10$B.sVEj83LOwsQD7CVDVK4eG6..ainsOahcczaxExlAnX9sUkB0pMm','MUSEUM','/uploads/profileImages/1734710178937-813295829.jpg','Національний художній музей України','<p>Найбільший художній музей країни. Розташовується у будівлі на вулиці Грушевського, спеціально збудованій для цієї мети архітектором В. Городецьким у проекті П. Бойцова (неокласицизм).</p>','2024-12-20 14:02:02.594','2024-12-20 19:52:58.623','Україна','6',50.4494077,30.53079553284135,'01001',NULL,'вулиця Михайла Грушевського','Київ'),(100,'museum100@art.playukraine.com','$2b$10$bNg7HS9YSEWEeFs9OZY.sedYY22fb5Lk9dtVPXkfWnt0FoV0CzfEW','MUSEUM','/Img/testdata/museums/100.png','Lviv Historical Museum','Lviv Historical Museum is one of the oldest and the richest museums in Ukraine, established in 1893. The museum has rich and glorious traditions.','2024-01-01 00:00:00.000','2024-01-01 00:00:00.000',NULL,NULL,NULL,NULL,NULL,NULL,NULL,NULL),(101,'museum101@art.playukraine.com','$2b$10$bNg7HS9YSEWEeFs9OZY.sedYY22fb5Lk9dtVPXkfWnt0FoV0CzfEW','MUSEUM','/Img/testdata/museums/101.png','National Museum of the History of Ukraine','The National Museum of the History of Ukraine illustrates Ukraine’s history from ancient times till nowadays. It is one of the leading museums in Ukraine.','2024-01-01 00:00:00.000','2024-01-01 00:00:00.000',NULL,NULL,NULL,NULL,NULL,NULL,NULL,NULL),(102,'museum102@art.playukraine.com','$2b$10$bNg7HS9YSEWEeFs9OZY.sedYY22fb5Lk9dtVPXkfWnt0FoV0CzfEW','MUSEUM','/Img/testdata/museums/102.jpg','The Museum of Theatre, Music and Cinema of Ukraine','The Museum of Theatre, Music and Cinema of Ukraine was founded in 1923 by the artistic union \"Berezil\" headed by the prominent figure of Ukrainian theater Les\' Kurbas.','2024-01-01 00:00:00.000','2024-01-01 00:00:00.000',NULL,NULL,NULL,NULL,NULL,NULL,NULL,NULL),(1500,'artists1500@art.playukraine.com','$2b$10$bNg7HS9YSEWEeFs9OZY.sedYY22fb5Lk9dtVPXkfWnt0FoV0CzfEW','CREATOR','/Img/testdata/artists/1500.png','Albert Gleizes','Albert Gleizes (8 December 1881 – 23 June 1953) was a French artist, theoretician, philosopher, a self-proclaimed founder of Cubism and an influence on the School of Paris.','2024-01-01 00:00:00.000','2024-01-01 00:00:00.000',NULL,NULL,NULL,NULL,NULL,NULL,NULL,NULL),(1501,'oleksandrberets+@gmail1.com','$2b$10$BC8K7tcUdJnz81Hd.b8cUujHER79S9i0ueEbzuXOIf1ddRMv1l9UW','CREATOR','/uploads/profileImages/1736611748617-47954346.jpg','Сергій Грех','<p>Сюрреалістичні поєднання персонажів та абстракцій з яскравими кольорами — стиль роботи художника. Він характерний своїми кольорами та композиціями.</p>','2024-12-31 01:46:13.448','2025-01-11 16:09:09.192',NULL,NULL,NULL,NULL,NULL,NULL,NULL,NULL),(1502,'oleksandrberets+@gmail2.com','$2b$10$2zMS1trwB/FhMaJxUDyY8e8P/FZHpbhkfBVx99yQUHaZ1kb4ZzoI.','CREATOR','/uploads/profileImages/1736568711203-867163627.jpg','Максим Поливяний','<p>Максим Поливяний – художник з Харківської області. 25-річний хлопець пише картини у стилі сучасного мінімалістичного пейзажу. </p><p><br></p>','2024-12-31 03:01:43.514','2025-01-11 04:11:51.790',NULL,NULL,NULL,NULL,NULL,NULL,NULL,NULL),(1503,'oleksandrberets+@gmail3.com','$2b$10$exVArPYREmw94VdLGiThI.ZITFOb5gYdVI3ZOL7/1oLSL/CCnjaVe','CREATOR','/uploads/profileImages/1736569428849-535724309.jpg','Ірина Максимова','<p>Художниця родом з Івано-Франківщини, за час війни вона почала малювати більше. Однак на її картинах немає зображення руйнувань — художниця зображує жінок. </p>','2024-12-31 03:16:57.519','2025-01-11 04:23:49.300',NULL,NULL,NULL,NULL,NULL,NULL,NULL,NULL),(1504,'oleksandrberets+@gmail4.com','$2b$10$K31Bnxy2O/PZcF4ZwFwxcem3y4d.5abIhfdHbtK3554bjvvR7c2EK','CREATOR','/uploads/profileImages/1736570086427-724225044.jpg','Микола Кирилюк','<p>Художник працює у стилі попарт. Його роботи легко впізнаються — художник зображує відомі роботи або власні та нові у космічній тематиці.</p>','2024-12-31 03:22:52.837','2025-01-11 04:34:47.750',NULL,NULL,NULL,NULL,NULL,NULL,NULL,NULL),(1505,'oleksandrberets+@gmail5.com','$2b$10$ZRTM7sH0osr/f//ryAxdcuiMYuuwHoa4QEKsd5kB5gAT6uU3dL0hG','CREATOR','/uploads/profileImages/1736610225808-441518019.jpg','Анна Верікі','<p>Верещака Анна, художній псевдонім Анни Верики. Народилася в місті Чернігів, Україна. Наразі живе і працює в Києві. Роботи виконані переважно на полотні</p>','2024-12-31 03:24:58.385','2025-01-11 15:43:46.842',NULL,NULL,NULL,NULL,NULL,NULL,NULL,NULL),(1506,'oleksandrberets+@gmail6.com','$2b$10$2QjWPriPCUPMs83zt2q9Buq8yhTRHDxD2gSr22H1hFN4TT8k1gmpu','CREATOR','/uploads/profileImages/1736610996198-34112326.jpg','Вероніка Чередниченко','<p>Дівчина народилася у Херсоні, є візуальною художницею. Її картини виставлялися не лише в Україні, а й у Польщі, Мексиці та Великій Британії.</p>','2024-12-31 03:30:36.049','2025-01-11 15:56:36.652',NULL,NULL,NULL,NULL,NULL,NULL,NULL,NULL),(1507,'oleksandrberets+@gmail7.com','$2b$10$om/WYaDeQ8Ml7rr7.CCABOza6gjorr7OiodeSnu92M9.MhCbkU4/6','MUSEUM','/uploads/profileImages/1735616415511-588712528.jpg','Національний музей історії України','<p>Націона́льний музе́й істо́рії Украї́ни — провідний історичний музей України, що за кількістю та значенням колекцій є одним з найзначніших музеїв країни</p>','2024-12-31 03:40:15.759','2024-12-31 03:42:00.169','Україна','2',50.43428133227274,30.50867552716616,'01033',NULL,'вулиця Володимирська вулиця','Київ'),(1508,'vavadjan+user@gmail.com','$2b$10$ucpK6Q5Bc6A8IJbrEfnQqOS32ktlUgAVRYEJAHa.Ge.ipY2HeIlVS','USER','/uploads/profileImages/1735641710395-422614851.jpg','VavaDjan USER','<p>VavaDjan <strong>test </strong>USER</p>','2024-12-31 10:41:51.100','2024-12-31 10:42:50.341',NULL,NULL,NULL,NULL,NULL,NULL,NULL,NULL),(1509,'vavadjan+creator@gmail.com','$2b$10$imOmXZFmGVA5MKTfZ9cq4.xTDjPAGKBlG.HOuq8uAKX4bwwLVZKT.','CREATOR','/uploads/profileImages/1735641948219-961830784.jpg','VavaDjan CREATOR','<p>VavaDjan <strong>test </strong>CREATOR</p>','2024-12-31 10:45:49.290','2024-12-31 10:45:49.290',NULL,NULL,NULL,NULL,NULL,NULL,NULL,NULL),(1510,'vavadjan+museum@gmail.com','$2b$10$XFx0uYjVO97qWyeDvmuYqO9nmv9LY/Jwh0agbF5Jt7gKEIprdR8Jy','MUSEUM','/uploads/profileImages/1736852169623-365794804.jpg','VavaDjan MUSEUM','<p>VavaDjan <strong>test </strong>MUSEUM</p>','2024-12-31 10:47:56.079','2025-01-14 10:56:10.321','Украина','29',NULL,NULL,'61064',NULL,'Полтавский Шлях','Харьков'),(1511,'oleksandrberets+@gmail10.com','$2b$10$BL4wDNM66uewRnFenjcRFu68MbgUeV90env8WYypIKbnUrXUH1jZC','USER','/uploads/profileImages/1736432635699-942403693.jpg','Сергій Жадан','<p>поет, прозаїк і громадський діяч, який вважається одним із найважливіших голосів сучасної української літератури.</p>','2025-01-09 14:23:57.070','2025-01-09 14:23:57.070',NULL,NULL,NULL,NULL,NULL,NULL,NULL,NULL),(1512,'oleksandrberets+@gmail11.com','$2b$10$m9nslRqLJUugwQ0M7GbRa.k9u8LUKIf4E2wTgfGDt0bqJsWtBC.n2','AUTHOR','/uploads/profileImages/1736435056785-637194600.jpg','Андрій Курков','<p>один із найпопулярніших українських авторів за кордоном. </p>','2025-01-09 15:04:17.430','2025-01-09 15:04:17.430',NULL,NULL,NULL,NULL,NULL,NULL,NULL,NULL),(1513,'koleksandrberets@gmail.com','$2b$10$8mV.U7y7rFnODBE74TyyOOA7HJoAL8j.f9ZsCo9dx9xSqxawkYLYa','CREATOR','/uploads/profileImages/1736612459428-523893237.jpg','Ніна Мурашкіна','<p>Українська художниця, яке живе та працює у Києві й Барселоні.</p><p>На своїх полотнах вона зображає магічну красу жінок, просуває фемінізм</p>','2025-01-11 16:20:59.865','2025-01-11 16:20:59.865',NULL,NULL,NULL,NULL,NULL,NULL,NULL,NULL),(1514,'ivankaoleksandrberets@gmail.com','$2b$10$rPt5XLAdWcsiF/yk2JmbjeaPu.EkWsC6QEyngOmQPJA.KypXmu/qK','CREATOR','/uploads/profileImages/1736615926911-127502715.jpg','Іванка Нечипорук','<p>Художниця працює в анімалістичному стилі, її картини легко впізнаються серед інших.</p>','2025-01-11 17:18:47.518','2025-01-11 17:18:47.518',NULL,NULL,NULL,NULL,NULL,NULL,NULL,NULL),(1515,'sofioleksandrberets@gmail.com','$2b$10$r41b2JD35N1zs3pM6KKDBuib4jMlfrdy1PqPvQli3VO3sF2pr04je','AUTHOR','/uploads/profileImages/1736925742791-277482580.jpg','Софія Андрухович','<p>письменниця, чия творчість відзначається глибоким опрацюванням психологічних образів і увагою до деталей.</p>','2025-01-15 07:22:23.790','2025-01-15 07:22:23.790',NULL,NULL,NULL,NULL,NULL,NULL,NULL,NULL),(1516,'volodimyroleksandrberets@gmail.com','$2b$10$6J3p7RqJAo74dIMPDn/ySeyu1nicxUEKDIZU.N4I3/uOoRKVvr1em','AUTHOR','/uploads/profileImages/1736926934961-187408875.jpg','Володимир Рафеєнко','<p>Письменник, чия творчість вирізняється унікальним стилем і глибокими роздумами про життя в умовах війни та соціальної нестабільності. Його роман «Довгі часи» став знакови</p>','2025-01-15 07:42:16.471','2025-01-15 07:42:16.471',NULL,NULL,NULL,NULL,NULL,NULL,NULL,NULL),(1517,'konstantin.kubriak@gmail.com','$2b$10$yD03O5vMNYND5ibAZoRjLug9ehzVyOQ/NscF.JOoZO2zudEmRgGuO','USER','/uploads/profileImages/1736986303137-64329377.jpeg','Kostiantyn Kubriak','','2025-01-16 00:11:44.173','2025-01-16 00:14:06.416',NULL,NULL,NULL,NULL,NULL,NULL,NULL,NULL),(1518,'oleksandrberets+@gmail13.com','$2b$10$6NmQdo8t31PbZEiUiGn96uLtUlaWI5K192.4QfiRbqyJIR20TgqvW','EXHIBITION','/uploads/profileImages/1737276829623-283437134.png','КИЇВСЬКИЙ МІЖНАРОДНИЙ КОНТРАКТОВИЙ ','<p><span style=\"color: rgb(65, 64, 66);\">Основні напрями діяльності – організація та проведення міжнародних і національних спеціалізованих торговельних виставок</span></p>','2025-01-19 08:53:50.773','2025-01-19 08:53:50.773',NULL,NULL,NULL,NULL,NULL,NULL,NULL,NULL),(1519,'artist1880@example.com','$2b$10$someHash','CREATOR','/uploads/profileImages/A realistic digital painting of a bearded fisherman mending a net. His weathered skin and steely eyes reflect years of experience at sea. He wears a t.webp','Олексій Петренко','<p>Народився 1880, відомий портретист.</p>','1880-06-15 00:00:00.000','2025-02-10 11:22:33.000','Україна',NULL,NULL,NULL,NULL,NULL,NULL,NULL),(1520,'artist2020@example.com','$2b$10$someHash3','CREATOR','/uploads/profileImages/A broad perspective candid shot of a 30-year-old white man with a buzzed haircut seated in a cozy, softly lit room. He is engrossed in th.webp','Юрій Дзюбенко','<p>Сучасний художник, відомий інсталяціями.</p>','2020-05-20 15:30:00.000','2025-02-10 11:22:33.000','Україна',NULL,NULL,NULL,NULL,NULL,NULL,NULL),(1521,'artist1950@example.com','$2b$10$someHash2','CREATOR','/uploads/profileImages/A close-up portrait of a young girl with freckles, holding a bunch of wildflowers. She has bright blue eyes and flowing auburn hair, soft.webp','Катерина Осадчук','<p>Народилася 1950, займається скульптурою.</p>','1950-08-10 00:00:00.000','2025-02-10 11:22:33.000','Україна',NULL,NULL,NULL,NULL,NULL,NULL,NULL),(1522,'artist4001@example.com','$2b$10$someHash1','CREATOR','/uploads/profileImages/test image.png','Марко Величко','<p>Митець з Києва, відомий своїми абстракціями.</p>','1945-03-10 09:00:00.000','2025-02-10 11:22:33.000','Україна',NULL,NULL,NULL,NULL,NULL,NULL,'Київ'),(1523,'artist4002@example.com','$2b$10$someHash2','CREATOR','/uploads/profileImages/test image.png','Ганна Гончарова','<p>Художниця зі Львова, спеціалізується на портретах.</p>','1960-11-20 14:00:00.000','2025-02-10 11:22:33.000','Україна',NULL,NULL,NULL,NULL,NULL,NULL,'Львів'),(1524,'artist4003@example.com','$2b$10$someHash3','CREATOR','/uploads/profileImages/test image.png','Олег Петренко','<p>Скульптор з Одеси, працює з каменем та металом.</p>','1975-05-05 08:30:00.000','2025-02-10 11:22:33.000','Україна',NULL,NULL,NULL,NULL,NULL,NULL,'Одеса'),(1525,'artist4004@example.com','$2b$10$someHash4','CREATOR','/uploads/profileImages/test image.png','Катерина Поліщук','<p>Експериментує з цифровим мистецтвом та VR.</p>','1980-09-15 19:45:00.000','2025-02-10 11:22:33.000','Україна',NULL,NULL,NULL,NULL,NULL,NULL,'Харків'),(1526,'artist4005@example.com','$2b$10$someHash5','CREATOR','/uploads/profileImages/test image.png','Іван Дорошенко','<p>Пейзажист, надихається Карпатами.</p>','1988-12-01 07:00:00.000','2025-02-10 11:22:33.000','Україна',NULL,NULL,NULL,NULL,NULL,NULL,'Івано-Франківськ'),(1527,'artist4006@example.com','$2b$10$someHash6','CREATOR','/uploads/profileImages/test image.png','Тетяна Білик','<p>Живопис, відома серія про історію Поділля.</p>','1992-03-22 10:10:00.000','2025-02-10 11:22:33.000','Україна',NULL,NULL,NULL,NULL,NULL,NULL,'Вінниця'),(1528,'artist4007@example.com','$2b$10$someHash7','CREATOR','/uploads/profileImages/test image.png','Руслан Ковальчук','<p>Мистецтво інсталяцій та перформансів.</p>','1995-07-18 13:00:00.000','2025-02-10 11:22:33.000','Україна',NULL,NULL,NULL,NULL,NULL,NULL,'Запоріжжя'),(1529,'artist4008@example.com','$2b$10$someHash8','CREATOR','/uploads/profileImages/test image.png','Олена Радченко','<p>Класичний реалізм, працює в олійному живописі.</p>','2000-01-10 20:15:00.000','2025-02-10 11:22:33.000','Україна',NULL,NULL,NULL,NULL,NULL,NULL,'Миколаїв'),(1530,'artist4009@example.com','$2b$10$someHash9','CREATOR','/uploads/profileImages/test image.png','Богдан Чернишов','<p>Старший викладач живопису, має учнів по всій країні.</p>','1970-10-05 11:11:00.000','2025-02-10 11:22:33.000','Україна',NULL,NULL,NULL,NULL,NULL,NULL,'Рівне'),(1531,'artist4010@example.com','$2b$10$someHash10','CREATOR','/uploads/profileImages/test image.png','Аліна Шевчук','<p>Примітна серія робіт про українські обряди.</p>','2005-06-25 09:00:00.000','2025-02-10 11:22:33.000','Україна',NULL,NULL,NULL,NULL,NULL,NULL,'Полтава'),(1532,'artist4011@example.com','$2b$10$someHash11','CREATOR','/uploads/profileImages/test image.png','Михайло Дзюбенко','<p>Має виставки у Парижі та Берліні.</p>','1968-02-14 10:20:00.000','2025-02-10 11:22:33.000','Україна',NULL,NULL,NULL,NULL,NULL,NULL,'Чернігів'),(1533,'artist4012@example.com','$2b$10$someHash12','CREATOR','/uploads/profileImages/test image.png','Софія Куліш','<p>Ілюстраторка дитячих книжок.</p>','1999-08-30 15:45:00.000','2025-02-10 11:22:33.000','Україна',NULL,NULL,NULL,NULL,NULL,NULL,'Тернопіль'),(1534,'artist4013@example.com','$2b$10$someHash13','CREATOR','/uploads/profileImages/test image.png','Володимир Проценко','<p>Відомий фресками у місцевих церквах.</p>','1982-11-11 22:10:00.000','2025-02-10 11:22:33.000','Україна',NULL,NULL,NULL,NULL,NULL,NULL,'Черкаси'),(1535,'artist4014@example.com','$2b$10$someHash14','CREATOR','/uploads/profileImages/test image.png','Галина Сухомлин','<p>Займається керамікою, надихається традиційним українським гончарством.</p>','1930-12-28 08:00:00.000','2025-02-10 11:22:33.000','Україна',NULL,NULL,NULL,NULL,NULL,NULL,'Ужгород'),(1536,'artist4015@example.com','$2b$10$someHash15','CREATOR','/uploads/profileImages/test image.png','Ростислав Ковтун','<p>Сучасне мистецтво, мінімалістичні форми.</p>','2021-04-04 18:25:00.000','2025-02-10 11:22:33.000','Україна',NULL,NULL,NULL,NULL,NULL,NULL,'Херсон'),(1537,'museum4026@example.com','$2b$10$someHash26','MUSEUM','/uploads/profileImages/museum.png','Національний історичний музей України','<p>Зберігає унікальні артефакти історії нашої країни.</p>','1955-03-01 10:00:00.000','2025-02-15 10:30:00.000','Україна','2',50.4501,30.5234,'01001','Київська','Володимирська','Київ'),(1538,'museum4027@example.com','$2b$10$someHash27','MUSEUM','/uploads/profileImages/museum.png','Львівська національна картинна галерея','<p>Має одну з найбільших колекцій образотворчого мистецтва в Україні.</p>','1962-07-12 09:15:00.000','2025-02-15 10:30:00.000','Україна','3',49.8397,24.0297,'79000','Львівська','Стефаника','Львів'),(1539,'museum4028@example.com','$2b$10$someHash28','MUSEUM','/uploads/profileImages/museum.png','Одеський художній музей','<p>Відомий виставками українських та європейських майстрів.</p>','1970-11-20 14:20:00.000','2025-02-15 10:30:00.000','Україна','5',46.4825,30.7233,'65000','Одеська','Софіївська','Одеса'),(1540,'museum4029@example.com','$2b$10$someHash29','MUSEUM','/uploads/profileImages/museum.png','Харківський історичний музей','<p>Експозиції присвячені історії Харківщини від сивої давнини до сучасності.</p>','1985-05-05 08:30:00.000','2025-02-15 10:30:00.000','Україна','10',49.9935,36.2304,'61000','Харківська','Університетська','Харків'),(1541,'museum4030@example.com','$2b$10$someHash30','MUSEUM','/uploads/profileImages/museum.png','Полтавський краєзнавчий музей','<p>Відображає історико-етнографічні надбання регіону.</p>','1975-01-22 11:25:00.000','2025-02-15 10:30:00.000','Україна','14',49.5883,34.5514,'36000','Полтавська','Конституції','Полтава'),(1542,'museum4031@example.com','$2b$10$someHash31','MUSEUM','/uploads/profileImages/museum.png','Дніпропетровський національний історичний музей','<p>Присвячений історичному розвитку Дніпропетровщини.</p>','1968-09-15 09:45:00.000','2025-02-15 10:30:00.000','Україна','50',48.4647,35.0462,'49000','Дніпропетровська','Шевченка','Дніпро'),(1543,'museum4032@example.com','$2b$10$someHash32','MUSEUM','/uploads/profileImages/museum.png','Чернігівський обласний художній музей','<p>Колекція класичного та сучасного мистецтва регіону.</p>','1979-02-28 15:00:00.000','2025-02-15 10:30:00.000','Україна','33',51.5055,31.2849,'14000','Чернігівська','Гетьмана Полуботка','Чернігів'),(1544,'museum4033@example.com','$2b$10$someHash33','MUSEUM','/uploads/profileImages/museum.png','Волинський краєзнавчий музей','<p>Значна етнографічна колекція та історичні знахідки з Волині.</p>','1988-03-15 17:30:00.000','2025-02-15 10:30:00.000','Україна','7',50.7472,25.3254,'43000','Волинська','Шопена','Луцьк'),(1545,'museum4034@example.com','$2b$10$someHash34','MUSEUM','/uploads/profileImages/museum.png','Тернопільський обласний краєзнавчий музей','<p>Експозиції про культуру і побут Тернопільщини.</p>','1993-10-01 14:50:00.000','2025-02-15 10:30:00.000','Україна','12',49.5535,25.5948,'46000','Тернопільська','Грушевського','Тернопіль'),(1546,'museum4035@example.com','$2b$10$someHash35','MUSEUM','/uploads/profileImages/museum.png','Закарпатський обласний художній музей','<p>Експонує твори ужгородської художньої школи.</p>','1958-06-10 10:10:00.000','2025-02-15 10:30:00.000','Україна','1',48.6208,22.2879,'88000','Закарпатська','Капітульна','Ужгород'),(1547,'museum4036@example.com','$2b$10$someHash36','MUSEUM','/uploads/profileImages/1museum.jpg','Запорізький краєзнавчий музей','<p>Висвітлює історію та культуру Запорізького краю.</p>','1950-05-20 09:00:00.000','2025-02-15 10:30:00.000','Україна','28',47.8388,35.1396,'69000','Запорізька','Проспект Соборний','Запоріжжя'),(1548,'museum4037@example.com','$2b$10$someHash37','MUSEUM','/uploads/profileImages/1museum.jpg','Рівненський обласний краєзнавчий музей','<p>Присвячений природі, етнографії та історії Рівненщини.</p>','1963-09-10 11:10:00.000','2025-02-15 10:30:00.000','Україна','10',50.6199,26.2516,'33000','Рівненська','Драгоманова','Рівне'),(1549,'museum4038@example.com','$2b$10$someHash38','MUSEUM','/uploads/profileImages/1museum.jpg','Івано-Франківський краєзнавчий музей','<p>Містить колекції, що відображають історико-культурну спадщину Прикарпаття.</p>','1971-02-22 14:05:00.000','2025-02-15 10:30:00.000','Україна','3',48.9226,24.7111,'76000','Івано-Франківська','Галицька','Івано-Франківськ'),(1550,'museum4039@example.com','$2b$10$someHash39','MUSEUM','/uploads/profileImages/1museum.jpg','Черкаський обласний художній музей','<p>Має постійну експозицію, присвячену творчості місцевих митців.</p>','1980-04-05 16:20:00.000','2025-02-15 10:30:00.000','Україна','25',49.4444,32.0598,'18000','Черкаська','Хрещатик','Черкаси'),(1551,'museum4040@example.com','$2b$10$someHash40','MUSEUM','/uploads/profileImages/1museum.jpg','Кіровоградський обласний краєзнавчий музей','<p>Присвячений археологічним, етнографічним та історичним пам’яткам регіону.</p>','1977-11-11 08:00:00.000','2025-02-15 10:30:00.000','Україна','67',48.5079,32.2623,'25000','Кіровоградська','Велика Перспективна','Кропивницький'),(1552,'museum4041@example.com','$2b$10$someHash41','MUSEUM','/uploads/profileImages/1museum.jpg','Вінницький обласний краєзнавчий музей','<p>Має багату нумізматичну й етнографічну колекції.</p>','1969-10-17 09:15:00.000','2025-02-15 10:30:00.000','Україна','1',49.2328,28.48,'21000','Вінницька','Соборна','Вінниця'),(1553,'museum4042@example.com','$2b$10$someHash42','MUSEUM','/uploads/profileImages/1museum.jpg','Житомирський обласний краєзнавчий музей','<p>Досліджує природні багатства та історичні події Житомирщини.</p>','1965-12-05 13:45:00.000','2025-02-15 10:30:00.000','Україна','15',50.2649,28.6767,'10000','Житомирська','Київська','Житомир'),(1554,'museum4043@example.com','$2b$10$someHash43','MUSEUM','/uploads/profileImages/1museum.jpg','Уманський краєзнавчий музей','<p>Вивчає історію Уманщини, від найдавніших часів до сьогодення.</p>','1990-08-01 12:35:00.000','2025-02-15 10:30:00.000','Україна','9',48.7501,30.2275,'20300','Черкаська','Незалежності','Умань'),(1555,'museum4044@example.com','$2b$10$someHash44','MUSEUM','/uploads/profileImages/1museum.jpg','Буковинський краєзнавчий музей','<p>Представлені археологічні знахідки та етнографічні матеріали Буковини.</p>','1948-01-19 10:10:00.000','2025-02-15 10:30:00.000','Україна','36',48.2917,25.9358,'58000','Чернівецька','Ольги Кобилянської','Чернівці'),(1556,'museum4045@example.com','$2b$10$someHash45','MUSEUM','/uploads/profileImages/1museum.jpg','Сумський обласний краєзнавчий музей','<p>Містить колекції, що розкривають історію Слобожанщини.</p>','1983-06-07 17:50:00.000','2025-02-15 10:30:00.000','Україна','2',50.9077,34.7997,'40000','Сумська','Покровська','Суми');
/*!40000 ALTER TABLE `user` ENABLE KEYS */;
UNLOCK TABLES;
/*!50112 SET @disable_bulk_load = IF (@is_rocksdb_supported, 'SET SESSION rocksdb_bulk_load = @old_rocksdb_bulk_load', 'SET @dummy_rocksdb_bulk_load = 0') */;
/*!50112 PREPARE s FROM @disable_bulk_load */;
/*!50112 EXECUTE s */;
/*!50112 DEALLOCATE PREPARE s */;
/*!40103 SET TIME_ZONE=@OLD_TIME_ZONE */;

/*!40101 SET SQL_MODE=@OLD_SQL_MODE */;
/*!40014 SET FOREIGN_KEY_CHECKS=@OLD_FOREIGN_KEY_CHECKS */;
/*!40014 SET UNIQUE_CHECKS=@OLD_UNIQUE_CHECKS */;
/*!40101 SET CHARACTER_SET_CLIENT=@OLD_CHARACTER_SET_CLIENT */;
/*!40101 SET CHARACTER_SET_RESULTS=@OLD_CHARACTER_SET_RESULTS */;
/*!40101 SET COLLATION_CONNECTION=@OLD_COLLATION_CONNECTION */;
/*!40111 SET SQL_NOTES=@OLD_SQL_NOTES */;


/*!40101 SET @OLD_CHARACTER_SET_CLIENT=@@CHARACTER_SET_CLIENT */;
/*!40101 SET @OLD_CHARACTER_SET_RESULTS=@@CHARACTER_SET_RESULTS */;
/*!40101 SET @OLD_COLLATION_CONNECTION=@@COLLATION_CONNECTION */;
/*!40101 SET NAMES utf8mb4 */;
/*!40103 SET @OLD_TIME_ZONE=@@TIME_ZONE */;
/*!40103 SET TIME_ZONE='+00:00' */;
/*!40014 SET @OLD_UNIQUE_CHECKS=@@UNIQUE_CHECKS, UNIQUE_CHECKS=0 */;
/*!40014 SET @OLD_FOREIGN_KEY_CHECKS=@@FOREIGN_KEY_CHECKS, FOREIGN_KEY_CHECKS=0 */;
/*!40101 SET @OLD_SQL_MODE=@@SQL_MODE, SQL_MODE='NO_AUTO_VALUE_ON_ZERO' */;
/*!40111 SET @OLD_SQL_NOTES=@@SQL_NOTES, SQL_NOTES=0 */;
/*!50717 SELECT COUNT(*) INTO @rocksdb_has_p_s_session_variables FROM INFORMATION_SCHEMA.TABLES WHERE TABLE_SCHEMA = 'performance_schema' AND TABLE_NAME = 'session_variables' */;
/*!50717 SET @rocksdb_get_is_supported = IF (@rocksdb_has_p_s_session_variables, 'SELECT COUNT(*) INTO @rocksdb_is_supported FROM performance_schema.session_variables WHERE VARIABLE_NAME=\'rocksdb_bulk_load\'', 'SELECT 0') */;
/*!50717 PREPARE s FROM @rocksdb_get_is_supported */;
/*!50717 EXECUTE s */;
/*!50717 DEALLOCATE PREPARE s */;
/*!50717 SET @rocksdb_enable_bulk_load = IF (@rocksdb_is_supported, 'SET SESSION rocksdb_bulk_load = 1', 'SET @rocksdb_dummy_bulk_load = 0') */;
/*!50717 PREPARE s FROM @rocksdb_enable_bulk_load */;
/*!50717 EXECUTE s */;
/*!50717 DEALLOCATE PREPARE s */;
/*!50112 SET @disable_bulk_load = IF (@is_rocksdb_supported, 'SET SESSION rocksdb_bulk_load = @old_rocksdb_bulk_load', 'SET @dummy_rocksdb_bulk_load = 0') */;
/*!50112 PREPARE s FROM @disable_bulk_load */;
/*!50112 EXECUTE s */;
/*!50112 DEALLOCATE PREPARE s */;
/*!40103 SET TIME_ZONE=@OLD_TIME_ZONE */;

/*!40101 SET SQL_MODE=@OLD_SQL_MODE */;
/*!40014 SET FOREIGN_KEY_CHECKS=@OLD_FOREIGN_KEY_CHECKS */;
/*!40014 SET UNIQUE_CHECKS=@OLD_UNIQUE_CHECKS */;
/*!40101 SET CHARACTER_SET_CLIENT=@OLD_CHARACTER_SET_CLIENT */;
/*!40101 SET CHARACTER_SET_RESULTS=@OLD_CHARACTER_SET_RESULTS */;
/*!40101 SET COLLATION_CONNECTION=@OLD_COLLATION_CONNECTION */;
/*!40111 SET SQL_NOTES=@OLD_SQL_NOTES */;


/*!40101 SET @OLD_CHARACTER_SET_CLIENT=@@CHARACTER_SET_CLIENT */;
/*!40101 SET @OLD_CHARACTER_SET_RESULTS=@@CHARACTER_SET_RESULTS */;
/*!40101 SET @OLD_COLLATION_CONNECTION=@@COLLATION_CONNECTION */;
/*!40101 SET NAMES utf8mb4 */;
/*!40103 SET @OLD_TIME_ZONE=@@TIME_ZONE */;
/*!40103 SET TIME_ZONE='+00:00' */;
/*!40014 SET @OLD_UNIQUE_CHECKS=@@UNIQUE_CHECKS, UNIQUE_CHECKS=0 */;
/*!40014 SET @OLD_FOREIGN_KEY_CHECKS=@@FOREIGN_KEY_CHECKS, FOREIGN_KEY_CHECKS=0 */;
/*!40101 SET @OLD_SQL_MODE=@@SQL_MODE, SQL_MODE='NO_AUTO_VALUE_ON_ZERO' */;
/*!40111 SET @OLD_SQL_NOTES=@@SQL_NOTES, SQL_NOTES=0 */;
/*!50717 SELECT COUNT(*) INTO @rocksdb_has_p_s_session_variables FROM INFORMATION_SCHEMA.TABLES WHERE TABLE_SCHEMA = 'performance_schema' AND TABLE_NAME = 'session_variables' */;
/*!50717 SET @rocksdb_get_is_supported = IF (@rocksdb_has_p_s_session_variables, 'SELECT COUNT(*) INTO @rocksdb_is_supported FROM performance_schema.session_variables WHERE VARIABLE_NAME=\'rocksdb_bulk_load\'', 'SELECT 0') */;
/*!50717 PREPARE s FROM @rocksdb_get_is_supported */;
/*!50717 EXECUTE s */;
/*!50717 DEALLOCATE PREPARE s */;
/*!50717 SET @rocksdb_enable_bulk_load = IF (@rocksdb_is_supported, 'SET SESSION rocksdb_bulk_load = 1', 'SET @rocksdb_dummy_bulk_load = 0') */;
/*!50717 PREPARE s FROM @rocksdb_enable_bulk_load */;
/*!50717 EXECUTE s */;
/*!50717 DEALLOCATE PREPARE s */;
/*!50112 SET @disable_bulk_load = IF (@is_rocksdb_supported, 'SET SESSION rocksdb_bulk_load = @old_rocksdb_bulk_load', 'SET @dummy_rocksdb_bulk_load = 0') */;
/*!50112 PREPARE s FROM @disable_bulk_load */;
/*!50112 EXECUTE s */;
/*!50112 DEALLOCATE PREPARE s */;
/*!40103 SET TIME_ZONE=@OLD_TIME_ZONE */;

/*!40101 SET SQL_MODE=@OLD_SQL_MODE */;
/*!40014 SET FOREIGN_KEY_CHECKS=@OLD_FOREIGN_KEY_CHECKS */;
/*!40014 SET UNIQUE_CHECKS=@OLD_UNIQUE_CHECKS */;
/*!40101 SET CHARACTER_SET_CLIENT=@OLD_CHARACTER_SET_CLIENT */;
/*!40101 SET CHARACTER_SET_RESULTS=@OLD_CHARACTER_SET_RESULTS */;
/*!40101 SET COLLATION_CONNECTION=@OLD_COLLATION_CONNECTION */;
/*!40111 SET SQL_NOTES=@OLD_SQL_NOTES */;

